,Player Name,Player Team,Player Position,Fantasy Score,PPG,AST,ORB,DRB,TRB,STL,BLK,TO,PF,MPG,2FGM,2FGA,2FG%,3FGM,3FGA,3FG%,FTM,FTA,FT%
0,Paolo Banchero,ORL,F,21.42,14.43,2.01,1.43,4.13,5.56,0.77,0.43,2.11,1.91,26.19,5.06,10.96,0.4616,1.2432000000000003,4.13,0.301056,1.848,2.48,0.74487
1,Chet Holmgren,OKC,C,23.16,11.99,1.81,1.82,5.02,6.84,0.68,0.9,1.76,2.6,27.99,4.62,9.55,0.484,1.0080000000000002,2.64,0.38147200000000003,1.848,2.64,0.69993
2,Jabari Smith Jr.,HOU,F,21.39,14.33,1.78,0.79,3.91,4.7,0.63,0.47,1.69,2.14,28.13,4.82,10.46,0.4609,1.8256000000000001,5.65,0.323344,2.7195,3.69,0.73605
3,Keegan Murray,SAC,F,17.54,10.11,0.84,1.33,3.82,5.15,0.67,0.54,1.32,2.05,24.0,3.66,7.64,0.479,1.0976000000000001,3.72,0.294896,2.4255,3.33,0.7291200000000001
4,Jaden Ivey,DET,G,17.74,10.21,2.28,0.77,3.54,4.3100000000000005,0.75,0.33,2.18,1.8,27.63,3.29,6.91,0.4758,1.4000000000000001,4.52,0.310016,1.9949999999999999,2.61,0.7644
5,Bennedict Mathurin,IND,G,16.43,6.74,2.09,0.7,2.95,3.6500000000000004,0.7,0.28,1.27,1.56,25.73,3.22,7.07,0.4556,1.7696000000000003,5.43,0.32580800000000004,1.5855000000000001,2.13,0.744975
6,Dyson Daniels,NOP,G,19.98,10.22,3.75,1.23,2.8,4.029999999999999,1.1,0.25,1.91,1.93,20.61,2.54,5.96,0.4265,1.2208,4.46,0.27384000000000003,1.029,1.52,0.6768299999999999
7,Jeremy Sochan,SAS,F,13.23,7.77,1.01,0.83,2.7,3.5300000000000002,0.64,0.3,0.91,2.12,28.08,3.2,6.83,0.4684,0.5152000000000001,1.7,0.302624,0.8714999999999999,1.25,0.69804
8,Johnny Davis,WAS,G,12.19,5.46,1.24,0.53,2.74,3.2700000000000005,0.65,0.23,0.87,1.73,23.59,1.77,3.87,0.4575,0.8960000000000001,2.96,0.302288,1.0395,1.41,0.73773
9,Ousmane Dieng,OKC,F,12.96,7.56,1.28,0.8,2.21,3.01,0.49,0.23,1.03,1.97,18.8,1.94,4.25,0.4567,1.2992000000000001,3.81,0.34092800000000006,1.0185,1.59,0.6399750000000001
10,Jalen Williams,OKC,G,14.94,11.09,2.16,0.46,2.62,3.08,0.65,0.22,1.55,2.02,21.01,1.73,3.81,0.4541,0.6048000000000001,1.82,0.33230400000000004,0.9974999999999999,1.35,0.7376250000000001
11,Jalen Duren,DET,C,13.48,7.53,0.69,1.53,2.07,3.5999999999999996,0.55,0.88,0.75,2.31,15.96,2.58,5.35,0.4821,0.07840000000000001,0.46,0.17091200000000004,0.8925,1.35,0.65961
12,Ochai Agbaji,UTA,G,8.61,3.69,0.71,0.42,1.7,2.12,0.44,0.21,0.7,1.24,14.52,1.36,2.98,0.4558,1.0416,3.24,0.32121600000000006,0.651,0.88,0.7392
13,Mark Williams,CHA,C,10.82,3.72,0.59,1.2,2.06,3.26,0.37,1.03,0.67,1.63,11.09,2.07,4.24,0.4886,0.1008,0.65,0.154672,0.6405,0.97,0.659715
14,AJ Griffin,ATL,F,8.14,3.29,0.79,0.55,1.46,2.01,0.33,0.3,0.65,0.91,13.9,1.41,2.75,0.513,0.8064,2.66,0.30352000000000007,0.609,0.92,0.659505
15,Tari Eason,HOU,F,10.13,4.25,0.68,1.12,1.9,3.02,0.65,0.43,0.95,1.79,21.67,2.22,4.81,0.4619,0.392,1.33,0.29456000000000004,1.1760000000000002,1.65,0.712215
16,Dalen Terry,CHI,F,8.57,3.79,1.08,0.77,1.42,2.19,0.48,0.19,0.69,1.42,17.9,1.48,3.34,0.4433,0.5152000000000001,1.82,0.28380800000000006,0.7140000000000001,1.03,0.6910050000000001
17,Malaki Branham,SAS,F,9.37,5.4,0.93,0.64,1.95,2.59,0.37,0.21,0.75,1.47,16.35,1.79,3.83,0.467,0.35840000000000005,1.06,0.33902400000000005,0.8505000000000001,1.14,0.746445
18,Christian Braun,DEN,G,8.56,5.74,0.87,0.35,1.14,1.4899999999999998,0.41,0.2,0.69,1.16,11.38,1.2,2.92,0.4106,0.8288000000000001,2.43,0.340592,0.6194999999999999,0.93,0.6657000000000001
19,Walker Kessler,UTA,C,10.89,3.59,0.52,0.93,2.56,3.49,0.45,0.95,0.71,1.71,9.76,1.64,3.37,0.486,0.168,0.64,0.26219200000000004,0.6194999999999999,0.94,0.659085
20,David Roddy,MEM,F,7.27,3.35,1.01,0.55,0.99,1.54,0.39,0.34,0.72,1.29,16.64,1.38,3.08,0.4482,0.28,0.91,0.30912000000000006,0.6615000000000001,0.96,0.68733
21,Blake Wesley,SAS,G,9.04,5.6,0.9,0.42,1.19,1.6099999999999999,0.43,0.2,0.61,1.24,11.81,1.27,2.75,0.4611,0.8064,2.47,0.32614400000000004,0.8505000000000001,1.22,0.699405
22,Wendell Moore Jr.,MIN,G,7.83,3.81,1.1,0.33,1.6,1.9300000000000002,0.41,0.21,0.77,1.13,15.75,0.79,1.69,0.4667,0.392,1.11,0.35179200000000005,0.5670000000000001,0.84,0.67116
23,Nikola Jovic,MIA,F,7.77,4.39,0.43,0.48,1.34,1.82,0.29,0.32,0.54,1.08,11.49,0.92,1.94,0.4747,0.7952,2.45,0.32491200000000003,0.525,0.7,0.7508549999999999
24,Patrick Baldwin Jr.,GSW,F,7.11,4.24,0.64,0.48,1.18,1.66,0.34,0.28,0.74,1.07,13.74,1.03,2.32,0.4431,0.5376000000000001,1.71,0.31483200000000006,0.47250000000000003,0.63,0.755475
25,TyTy Washington Jr.,HOU,G,10.96,6.53,2.01,0.33,1.56,1.8900000000000001,0.41,0.2,0.84,1.11,18.45,1.15,2.5,0.4604,0.5488000000000001,1.71,0.32009600000000005,0.5984999999999999,0.84,0.712635
26,Peyton Watson,DEN,G,5.74,2.88,0.49,0.42,1.32,1.74,0.33,0.23,0.53,1.03,8.78,0.94,2.39,0.3929,0.21280000000000002,0.71,0.301056,0.4935,0.74,0.6624450000000001
27,Andrew Nembhard,IND,G,11.68,5.87,2.96,0.33,1.24,1.57,0.44,0.13,0.94,1.03,14.15,0.74,1.65,0.4481,0.5936000000000001,1.84,0.322448,0.672,0.88,0.7611450000000001
28,Caleb Houstan,ORL,G,7.35,3.9,0.6,0.31,1.41,1.72,0.29,0.15,0.75,0.95,13.3,0.76,1.63,0.4661,1.0864,3.09,0.35145600000000005,0.5145,0.68,0.759255
29,Christian Koloko,TOR,C,6.3,2.14,0.29,0.94,1.42,2.36,0.3,0.42,0.48,1.22,7.99,1.21,2.59,0.4669,0.06720000000000001,0.4,0.166096,0.525,0.8,0.657615
30,Jaylin Williams,OKC,F,8.96,5.92,0.41,0.72,1.92,2.6399999999999997,0.31,0.27,0.94,1.33,8.16,1.65,3.63,0.4541,0.9744,3.51,0.277536,0.903,1.29,0.69762
31,Max Christie,LAL,G,6.1,2.29,0.52,0.38,1.33,1.71,0.33,0.15,0.51,1.08,7.21,0.86,1.71,0.5024,0.6384,2.1,0.304304,0.5355000000000001,0.77,0.69972
32,Jaden Hardy,DAL,G,8.19,3.8,1.47,0.35,1.14,1.4899999999999998,0.4,0.14,0.95,1.25,7.86,1.46,3.19,0.4582,0.8288000000000001,2.71,0.306208,0.609,0.8,0.7636649999999999
33,Kennedy Chandler,MEM,G,8.99,2.54,2.29,0.52,0.8,1.32,0.52,0.16,0.7,0.82,10.94,1.15,2.57,0.4476,0.4592,1.53,0.29993600000000004,0.525,0.75,0.69825
34,Bryce McGowens,CHA,G,6.95,4.35,0.57,0.36,1.1,1.46,0.35,0.14,0.58,1.17,11.67,1.5,3.17,0.4736,0.5712,1.86,0.30699200000000004,0.8714999999999999,1.24,0.70308
35,Trevor Keels,NYK,G,7.08,3.48,0.98,0.37,1.0,1.37,0.36,0.15,0.47,0.93,8.82,0.82,1.81,0.4536,0.6384,2.19,0.291872,0.4935,0.79,0.62475
36,Moussa Diabate,LAC,F,5.32,2.16,0.34,0.57,1.4,1.9699999999999998,0.27,0.26,0.46,1.03,5.51,0.94,1.97,0.4774,0.06720000000000001,0.4,0.169456,0.378,0.56,0.673365
37,Ryan Rollins,GSW,G,9.53,5.13,1.35,0.37,1.57,1.94,0.5,0.15,0.46,1.64,16.72,0.8,1.82,0.4401,0.44800000000000006,1.44,0.310688,0.441,0.62,0.7109550000000001
38,Josh Minott,MIN,F,6.7,4.06,0.46,0.73,1.3,2.0300000000000002,0.44,0.19,0.55,1.04,14.23,0.78,1.68,0.4654,0.08960000000000001,0.5,0.17920000000000003,0.525,0.74,0.70518
39,Vince Williams Jr.,MEM,G,6.46,2.98,1.09,0.29,0.82,1.1099999999999999,0.36,0.2,0.49,0.94,7.02,0.83,1.92,0.4313,0.336,1.09,0.309456,0.4515,0.63,0.7215600000000001
40,Kendall Brown,IND,G,7.78,5.04,0.96,0.56,0.91,1.4700000000000002,0.4,0.23,0.51,0.56,6.14,0.68,1.44,0.4736,0.28,1.0,0.279552,0.609,0.9,0.677355
41,Isaiah Mobley,CLE,F,7.29,3.7,0.8,0.79,1.0,1.79,0.3,0.25,0.53,0.66,6.96,0.81,1.83,0.4426,0.5488000000000001,1.91,0.28784000000000004,0.5775000000000001,0.86,0.675255
42,Tyrese Martin,ATL,G,5.99,2.59,0.55,0.45,1.25,1.7,0.37,0.15,0.43,0.8,7.05,0.71,1.55,0.4569,0.36960000000000004,1.28,0.289744,0.4515,0.68,0.667275
43,JD Davison,BOS,G,8.88,2.12,2.71,0.45,1.07,1.52,0.37,0.17,0.75,1.05,8.91,0.7,1.55,0.4513,0.30240000000000006,1.02,0.295344,0.48300000000000004,0.81,0.5976600000000001
44,Jabari Walker,POR,F,8.32,3.74,0.67,0.71,1.9,2.61,0.29,0.19,0.42,0.78,12.39,1.12,2.51,0.446,0.5936000000000001,1.84,0.32267200000000007,0.5670000000000001,0.81,0.696465
45,Shaedon Sharpe,POR,G,9.87,5.04608695652174,1.46304347826087,0.46521739130434764,1.5999999999999999,2.0652173913043477,0.47695652173913033,0.1947826086956522,0.846086956521739,1.2247826086956521,13.871739130434781,1.316086956521739,2.90695652173913,0.4530347826086956,0.7075478260869567,2.261304347826087,0.31187617391304356,0.7427608695652174,1.0443478260869563,0.7042076086956521
46,Santi Aldama,MEM,F,11.1,5.48,0.9,1.1,2.29,3.39,0.33,0.38,0.63,1.39,12.41,1.91,3.79,0.5038,0.5152000000000001,1.87,0.27619200000000005,1.0185,1.59,0.642285
47,Jose Alvarado,NOP,G,16.17,5.99,3.19,0.52,1.94,2.46,1.1,0.13,0.83,1.73,12.58,1.89,3.72,0.508,0.6608,1.78,0.37083200000000005,0.861,1.24,0.69573
48,Joel Ayayi,ORL,G,9.6,7.22,1.56,0.34,1.17,1.51,0.41,0.14,0.49,1.22,17.47,1.43,3.1,0.4612,0.11200000000000002,0.49,0.23060800000000004,0.882,1.63,0.5404350000000001
49,Dalano Banton,TOR,F,11.46,6.7,1.65,0.61,1.81,2.42,0.51,0.24,0.76,1.45,18.05,1.54,3.26,0.472,0.392,1.33,0.295456,0.861,1.29,0.6657000000000001
50,Scottie Barnes,TOR,F,29.18,13.84,3.73,2.41,5.08,7.49,1.07,0.65,2.06,2.58,34.91,6.16,12.02,0.5126,0.9184,2.47,0.372288,1.9635000000000002,2.52,0.77847
51,Charles Bassey,PHI,C,10.32,3.5,0.46,1.13,2.73,3.86,0.33,0.7,0.66,1.66,6.95,1.36,2.37,0.5731,0.168,0.64,0.26364800000000005,0.924,1.39,0.663075
52,Leandro Bolmaro,UTA,F,8.3,3.62,0.87,0.55,1.96,2.51,0.32,0.21,0.55,0.93,10.83,1.52,3.24,0.4693,0.41440000000000005,1.41,0.29444800000000004,0.8190000000000001,1.22,0.672
53,James Bouknight,CHA,G,10.17,5.99,1.26,0.97,1.13,2.0999999999999996,0.39,0.15,0.61,1.52,10.22,1.3,2.91,0.4466,0.6048000000000001,1.61,0.37598400000000004,1.5435,2.11,0.730695
54,Greg Brown III,POR,F,12.94,5.44,0.88,1.28,2.41,3.6900000000000004,0.51,0.64,0.72,1.77,15.06,1.6,3.36,0.4756,0.7168000000000001,2.11,0.33992,0.9660000000000001,1.38,0.7005600000000001
55,Jared Butler,UTA,G,12.95,7.21,2.55,0.3,1.31,1.61,0.49,0.19,0.85,1.04,14.47,1.48,3.0,0.4929,0.8176000000000001,2.18,0.374304,0.882,1.27,0.6941550000000001
56,Justin Champagnie,TOR,G,8.34,4.16,0.79,1.0,1.33,2.33,0.42,0.18,0.67,1.11,8.15,1.32,2.8,0.4722,0.4592,1.4,0.32816,0.8714999999999999,1.25,0.694995
57,Josh Christopher,HOU,G,16.89,8.29,2.73,0.67,1.84,2.5100000000000002,1.0,0.23,1.2,1.41,22.59,1.88,3.81,0.4938,1.1648,3.12,0.37296000000000007,1.2915,1.69,0.7638750000000001
58,Cade Cunningham,DET,G,30.73,19.21,5.21,0.94,3.89,4.83,1.11,0.65,3.34,2.9,32.27,3.74,7.88,0.4749,2.3520000000000003,6.18,0.380576,2.1525,2.56,0.83958
59,Ayo Dosunmu,CHI,G,19.47,9.74,3.3,0.44,2.57,3.01,0.85,0.42,1.26,2.07,24.61,1.79,3.49,0.5132,1.3104,3.42,0.38326400000000005,0.9450000000000001,1.37,0.691635
60,Jeff Dowtin,TOR,G,9.89,4.95,1.56,0.99,1.01,2.0,0.58,0.15,0.57,1.37,9.15,0.91,1.99,0.4581,0.4032,1.49,0.26992,0.798,1.18,0.67872
61,Chris Duarte,IND,G,20.98,12.85,2.31,0.67,3.06,3.73,0.92,0.21,1.31,1.49,30.48,2.7,5.73,0.4709,1.8032000000000004,4.7,0.38337600000000005,1.7429999999999999,2.06,0.845145
62,David Duke Jr.,BKN,G,10.31,4.46,0.81,1.04,1.81,2.85,0.53,0.31,0.6,1.39,14.38,1.44,3.32,0.4332,0.6832,2.01,0.340032,0.7454999999999999,1.0,0.74697
63,Kessler Edwards,BKN,F,13.29,4.28,0.66,0.93,3.22,4.15,0.58,0.64,0.78,1.75,18.17,1.23,2.68,0.4592,1.1088,2.9,0.38259200000000004,0.8505000000000001,1.12,0.7626149999999999
64,Marcus Garrett,MIA,G,8.28,3.6,1.06,0.98,0.98,1.96,0.5,0.3,0.46,1.9,8.55,0.89,1.87,0.4762,0.21280000000000002,0.79,0.26824000000000003,0.861,1.56,0.5502
65,Usman Garuba,HOU,F,12.73,4.13,0.92,1.19,2.85,4.04,0.48,0.63,0.51,1.3,13.05,1.49,2.81,0.5302,0.5376000000000001,1.75,0.30766400000000005,1.0395,1.57,0.6632850000000001
66,Luka Garza,MIN,C,13.11,7.45,0.74,1.79,2.62,4.41,0.41,0.26,0.66,1.73,13.57,1.79,3.53,0.5074,0.49280000000000007,1.39,0.35392,1.4070000000000003,2.08,0.676725
67,Josh Giddey,OKC,G,33.4,13.01,6.85,1.75,6.64,8.39,0.97,0.54,2.54,1.81,31.7,4.63,9.79,0.473,1.1312000000000002,3.07,0.3683680000000001,1.3125,1.67,0.783615
68,Jordan Goodwin,WAS,G,10.26,7.14,0.94,0.41,1.59,2.0,0.46,0.12,0.45,1.45,13.67,1.65,3.54,0.4667,0.7504000000000001,2.7,0.27764800000000006,0.8295000000000001,1.29,0.6426000000000001
69,Jalen Green,HOU,G,25.12,16.48,3.41,0.45,3.23,3.68,0.84,0.29,1.88,1.54,30.24,3.13,6.69,0.4681,2.1504000000000003,5.65,0.38091200000000003,3.801,4.5,0.8440949999999999
70,Quentin Grimes,NYK,G,12.93,5.58,1.41,0.41,2.1,2.5100000000000002,0.73,0.2,0.86,1.47,15.31,1.29,2.78,0.4638,1.5232000000000003,3.98,0.382928,0.9345000000000001,1.47,0.63735
71,Tyler Hall,DAL,G,8.24,5.82,1.59,0.42,1.29,1.71,0.45,0.13,0.75,1.44,13.07,1.06,2.19,0.4845,0.41440000000000005,3.75,0.110544,0.5565000000000001,0.91,0.609945
72,Sam Hauser,BOS,F,6.88,3.8,0.46,0.25,0.97,1.22,0.29,0.16,0.45,1.0,9.44,0.84,1.87,0.4491,0.9968000000000001,2.44,0.40824000000000005,0.7875000000000001,1.35,0.58233
73,Malcolm Hill,CHI,F,9.15,4.54,0.53,0.64,1.63,2.27,0.39,0.19,0.51,1.72,9.71,0.82,1.61,0.5099,1.0304000000000002,2.63,0.39211200000000007,0.651,0.97,0.6728400000000001
74,Jay Huff,LAL,F,10.65,5.83,0.77,0.55,1.98,2.5300000000000002,0.54,0.3,0.45,1.39,10.6,1.61,3.29,0.4893,0.7280000000000001,2.86,0.25424,0.9765000000000001,1.54,0.63336
75,Feron Hunt,NYK,F,8.32,5.34,0.76,0.47,1.58,2.05,0.6,0.21,0.43,0.89,12.45,0.87,1.86,0.4672,0.06720000000000001,0.87,0.07728000000000002,0.9135,1.62,0.56532
76,Bones Hyland,DEN,G,22.65,10.81,4.1,0.31,2.98,3.29,0.71,0.33,1.23,2.12,22.53,1.66,3.67,0.4526,2.0832,5.45,0.38236800000000004,1.7429999999999999,2.05,0.84987
77,Isaiah Jackson,IND,F,19.04,9.22,0.92,2.08,3.66,5.74,0.69,1.32,1.24,2.66,9.88,2.19,4.03,0.5436,0.28,1.0,0.28100800000000004,1.848,2.53,0.731325
78,Jalen Johnson,ATL,F,7.6,4.19,0.48,0.43,1.89,2.32,0.33,0.25,0.52,1.48,5.77,1.29,2.71,0.476,0.26880000000000004,1.0,0.26756800000000003,1.0710000000000002,1.57,0.683655
79,Keon Johnson,POR,G,14.88,7.92,2.4,0.56,1.35,1.9100000000000001,0.85,0.29,1.17,1.83,15.1,1.97,4.71,0.4184,1.2096000000000002,3.28,0.36848000000000003,1.05,1.28,0.81858
80,Carlik Jones,CHI,G,9.47,4.62,1.74,0.24,1.27,1.51,0.34,0.12,0.54,0.96,9.81,1.04,2.11,0.4933,0.8176000000000001,2.76,0.296464,1.1760000000000002,1.78,0.65982
81,Herbert Jones,NOP,F,21.76,10.73,2.08,1.07,2.6,3.67,1.47,0.72,1.16,2.73,28.34,2.97,5.82,0.5105,0.9968000000000001,2.67,0.373856,1.848,2.19,0.842835
82,Kai Jones,CHA,C,8.64,6.02,0.63,0.6,1.31,1.9100000000000001,0.36,0.39,0.52,1.23,16.14,1.42,2.49,0.571,0.07840000000000001,0.38,0.20440000000000003,0.9135,1.57,0.58338
83,Braxton Key,DET,F,13.15,6.13,0.76,0.88,2.07,2.9499999999999997,0.75,0.69,0.68,2.15,12.98,1.98,3.89,0.5087,0.6048000000000001,1.58,0.38248000000000004,0.777,1.24,0.626745
84,Corey Kispert,WAS,F,14.68,9.42,0.9,0.73,2.47,3.2,0.5,0.36,0.77,1.67,20.98,2.49,5.02,0.4956,1.0752000000000002,2.77,0.38875200000000004,0.9555000000000001,1.13,0.848925
85,Vit Krejci,OKC,G,15.37,5.11,2.4,0.55,2.85,3.4000000000000004,0.65,0.3,0.76,1.91,21.94,1.23,2.48,0.4956,1.1312000000000002,3.02,0.374528,1.008,1.27,0.790755
86,Jonathan Kuminga,GSW,F,15.21,8.34,0.96,0.81,4.1,4.91,0.53,0.36,1.23,2.19,12.87,1.81,3.53,0.5125,0.8848000000000001,2.43,0.36400000000000005,2.037,2.77,0.73584
87,Jock Landale,PHX,C,10.74,7.51,0.72,0.97,1.71,2.6799999999999997,0.26,0.31,0.63,1.51,15.41,1.09,2.2,0.4965,0.6384,1.69,0.37744000000000005,0.7665,0.96,0.8008350000000001
88,Isaiah Livers,DET,F,14.34,7.98,0.88,0.66,2.11,2.77,0.59,0.46,0.64,1.63,21.19,1.43,2.75,0.5193,1.3776000000000002,3.47,0.39704,0.756,0.94,0.800205
89,Sandro Mamukelashvili,MIL,F,10.65,4.97,0.7,1.25,2.06,3.31,0.35,0.28,0.62,1.42,11.05,1.32,2.65,0.499,0.7392000000000001,1.97,0.37497600000000003,0.9660000000000001,1.31,0.738885
90,Tre Mann,OKC,G,16.51,12.04,1.64,0.42,1.73,2.15,0.84,0.2,1.18,1.73,22.4,2.45,5.71,0.4293,1.5904,4.17,0.38102400000000003,1.4805,1.82,0.812805
91,Miles McBride,NYK,G,7.92,2.87,1.49,0.25,1.09,1.34,0.48,0.13,0.55,0.93,13.96,0.86,1.91,0.4512,0.6160000000000001,2.03,0.302848,0.882,1.35,0.65436
92,Mac McClung,GSW,G,10.75,6.02,0.96,0.38,1.58,1.96,0.44,0.61,0.73,1.58,7.32,1.22,2.36,0.5168,0.5712,1.63,0.35145600000000005,0.9660000000000001,1.29,0.7493850000000001
93,Davion Mitchell,SAC,G,15.15,8.13,1.97,0.43,1.82,2.25,0.78,0.26,1.31,1.68,19.52,2.51,5.33,0.4708,1.6576000000000002,4.41,0.37587200000000004,0.9765000000000001,1.42,0.6865950000000001
94,Evan Mobley,CLE,C,31.46,15.18,3.09,2.28,6.63,8.91,0.86,1.5,1.84,2.14,31.93,5.16,10.0,0.5159,0.5824,1.91,0.304752,2.184,3.17,0.68922
95,Moses Moody,GSW,G,10.74,8.07,0.84,0.33,1.52,1.85,0.39,0.2,0.74,1.63,10.13,1.42,2.93,0.4846,1.064,3.11,0.3416,0.9135,1.26,0.72429
96,Xavier Moon,LAC,G,12.2,4.73,2.05,0.27,1.77,2.04,0.77,0.24,0.7,0.93,12.89,1.68,3.32,0.5067,0.6160000000000001,1.71,0.360976,0.5355000000000001,0.85,0.6304200000000001
97,Trey Murphy III,NOP,F,11.15,5.65,0.84,0.92,1.77,2.69,0.49,0.22,0.68,1.54,17.22,1.11,2.36,0.4703,1.0752000000000002,2.79,0.385728,0.8714999999999999,1.05,0.827505
98,RJ Nembhard Jr.,CLE,G,7.68,3.87,1.4,0.3,1.15,1.45,0.4,0.12,0.47,1.18,9.02,0.98,2.11,0.4639,0.22400000000000003,1.05,0.21392000000000003,0.9135,1.29,0.70686
99,Daishen Nix,HOU,G,10.09,2.71,2.67,0.31,1.51,1.82,0.67,0.13,1.19,1.2,12.7,1.24,2.64,0.4704,0.5376000000000001,1.71,0.31494400000000006,1.1025,1.87,0.5901000000000001
100,Eugene Omoruyi,OKC,F,8.28,3.29,1.17,0.53,2.23,2.76,0.27,0.15,0.55,1.36,16.71,1.46,3.32,0.4395,0.32480000000000003,1.14,0.28504,0.7665,1.35,0.566265
101,Jamorko Pickett,CLE,F,11.78,6.65,0.64,0.49,2.07,2.5599999999999996,0.29,0.64,0.43,1.4,13.33,0.84,1.96,0.4295,1.1312000000000002,3.15,0.35884800000000006,0.8925,1.52,0.585795
102,Joshua Primo,SAS,G,13.54,5.87,2.27,0.6,1.69,2.29,0.54,0.62,1.23,1.57,22.6,1.6,3.55,0.4502,0.8624,2.33,0.37072000000000005,1.2389999999999999,1.59,0.777945
103,Trevelin Queen,PHI,G,10.41,5.14,0.66,0.7,1.52,2.2199999999999998,0.43,0.15,0.75,1.0,12.04,0.86,1.73,0.4961,1.6016000000000001,4.14,0.386624,0.9660000000000001,1.17,0.82677
104,Neemias Queta,SAC,C,7.88,3.0,0.45,0.93,1.58,2.5100000000000002,0.28,0.78,0.69,1.64,8.12,1.4,2.99,0.4684,0.033600000000000005,0.41,0.082544,0.7140000000000001,1.04,0.6833400000000001
105,Austin Reaves,LAL,G,15.34,8.98,1.61,0.7,2.03,2.7299999999999995,0.54,0.31,0.7,1.66,22.05,1.23,2.4,0.5118,1.288,3.41,0.377776,1.6380000000000001,2.03,0.80661
106,Jeremiah Robinson-Earl,OKC,F,16.98,7.46,1.04,1.22,4.31,5.529999999999999,0.58,0.38,0.75,1.4,22.76,2.51,5.32,0.4721,1.0528,2.79,0.37699200000000005,1.2389999999999999,1.6,0.7742700000000001
107,Olivier Sarr,POR,C,13.81,5.98,0.92,1.21,2.56,3.77,0.41,0.61,0.86,2.28,16.99,2.05,3.71,0.5527,1.0080000000000002,2.8,0.36052800000000007,0.861,1.05,0.8234100000000001
108,Jordan Schakel,WAS,G,10.89,5.37,0.86,0.99,2.12,3.1100000000000003,0.54,0.12,0.53,2.15,12.6,1.66,3.24,0.5124,0.7728,2.75,0.280784,1.1760000000000002,1.92,0.6113100000000001
109,Alperen Sengun,HOU,C,23.85,9.44,3.03,2.13,5.04,7.17,0.89,0.73,2.04,2.55,19.07,3.55,6.89,0.5155,0.8288000000000001,2.63,0.31483200000000006,2.5935,3.32,0.780045
110,Day'Ron Sharpe,BKN,C,12.91,5.34,0.93,1.23,2.66,3.89,0.4,0.7,0.9,2.18,13.72,3.55,6.38,0.5563,0.15680000000000002,0.66,0.237216,1.3125,2.02,0.65058
111,Marko Simonovic,CHI,C,7.44,2.61,0.61,0.97,1.5,2.4699999999999998,0.31,0.33,0.49,1.24,11.8,1.1,2.33,0.4722,0.3808000000000001,1.4,0.272384,0.5984999999999999,0.92,0.6496350000000001
112,Jericho Sims,NYK,C,11.8,4.55,0.73,1.41,2.59,4.0,0.29,0.86,0.46,1.45,11.02,1.32,2.36,0.5599,0.011200000000000002,0.14,0.08153600000000001,0.525,0.92,0.56868
113,Jaden Springer,PHI,G,10.06,2.58,0.67,1.16,2.51,3.67,0.39,0.87,0.67,1.2,9.81,0.92,1.71,0.5372,0.1008,0.69,0.145152,0.9660000000000001,1.68,0.57624
114,Jalen Suggs,ORL,G,22.49,10.12,4.15,0.47,3.19,3.66,1.05,0.45,1.94,2.75,21.99,2.4,5.18,0.4637,1.7472000000000003,5.55,0.31483200000000006,2.9295,3.67,0.79716
115,Terry Taylor,IND,F,16.82,9.62,1.24,2.52,2.02,4.54,0.53,0.27,0.66,1.9,23.48,2.73,4.82,0.5667,0.8512000000000001,2.6,0.32681600000000005,0.9345000000000001,1.21,0.770805
116,Cam Thomas,BKN,G,13.83,8.56,1.57,0.3,1.75,2.05,0.5,0.15,0.88,1.33,20.92,3.66,7.05,0.5189,1.064,3.1,0.34316800000000003,1.6590000000000003,1.99,0.8326500000000001
117,JT Thor,CHA,F,8.89,6.27,0.72,0.41,1.41,1.8199999999999998,0.33,0.38,0.56,1.13,8.69,0.85,1.83,0.4633,0.48160000000000003,1.64,0.294336,1.008,1.57,0.64176
118,Isaiah Todd,WAS,F,9.45,5.23,0.58,0.49,1.99,2.48,0.39,0.32,0.47,1.38,14.34,1.45,3.23,0.4488,0.7280000000000001,2.31,0.31483200000000006,0.8295000000000001,1.54,0.540225
119,Franz Wagner,ORL,F,26.25,14.85,3.6,1.0,3.47,4.470000000000001,0.93,0.53,1.37,1.93,31.4,3.69,7.41,0.4979,1.3552000000000002,3.54,0.382928,2.8455,3.3,0.8611050000000001
120,Ish Wainright,PHX,F,7.03,3.28,0.37,0.62,1.49,2.11,0.42,0.14,0.5,0.96,9.46,1.07,2.2,0.4874,0.5376000000000001,1.56,0.34451200000000004,0.378,0.58,0.651315
121,Duane Washington Jr.,PHX,G,15.14,8.68,2.2,0.28,1.64,1.92,0.54,0.15,1.17,1.37,20.47,1.48,3.15,0.4691,1.9824000000000002,5.16,0.384496,1.3125,1.61,0.816165
122,Lindy Waters III,OKC,F,16.99,9.36,1.14,0.32,2.93,3.25,0.77,0.29,0.53,1.4,24.03,1.56,3.11,0.5019,1.7472000000000003,4.46,0.39155200000000007,0.9974999999999999,1.28,0.7785750000000001
123,Trendon Watford,POR,F,16.87,8.77,1.89,1.14,2.85,3.99,0.54,0.6,0.98,2.0,20.53,2.48,4.8,0.5165,0.5712,1.77,0.321888,1.9110000000000003,2.47,0.775005
124,Joe Wieskamp,SAS,G,8.74,4.06,0.85,0.27,1.26,1.53,0.7,0.15,0.66,1.48,13.59,0.93,1.73,0.5391,0.784,2.13,0.36870400000000003,0.8505000000000001,1.31,0.649005
125,Aaron Wiggins,OKC,G,17.04,11.53,1.73,0.94,2.98,3.92,0.58,0.21,1.1,1.89,21.33,1.92,3.81,0.5036,0.9520000000000001,2.54,0.37497600000000003,1.5855000000000001,2.05,0.77175
126,Lindell Wigginton,MIL,G,9.14,2.66,1.96,0.34,1.48,1.82,0.44,0.14,0.72,1.58,12.48,1.22,2.57,0.4756,0.5936000000000001,1.6,0.37016000000000004,0.8085000000000001,1.32,0.611835
127,Ziaire Williams,MEM,F,12.76,7.6,0.88,0.43,2.06,2.49,0.65,0.25,0.76,1.57,24.95,1.91,3.84,0.4975,1.1088,2.93,0.378784,0.9135,1.15,0.7967400000000001
128,James Wiseman,GSW,C,20.1,12.09,0.86,1.84,5.01,6.85,0.43,0.91,1.4,2.72,14.33,3.64,7.0,0.5201,0.44800000000000006,1.38,0.32569600000000004,1.6170000000000002,2.44,0.6640199999999999
129,McKinley Wright IV,DAL,G,7.63,5.12,0.9,0.34,1.17,1.51,0.51,0.16,0.94,1.24,13.94,0.86,1.61,0.5333,0.5040000000000001,1.68,0.29971200000000003,0.9450000000000001,1.55,0.6083700000000001
130,Gabe York,IND,G,13.04,3.89,2.82,0.27,1.17,1.44,0.75,0.48,0.58,0.97,8.96,1.05,2.56,0.4105,0.8288000000000001,2.48,0.33454400000000006,0.8714999999999999,1.54,0.567735
131,Omer Yurtseven,MIA,C,14.14,8.09,0.92,1.6,2.94,4.54,0.38,0.54,0.74,1.49,14.91,2.54,4.92,0.5162,0.1456,0.56,0.26152000000000003,0.7665,1.13,0.6758850000000001
132,Precious Achiuwa,TOR,F,17.59,9.42,0.94,1.83,4.57,6.4,0.47,0.54,1.41,2.21,24.9,3.48,7.25,0.4802,0.8848000000000001,2.69,0.32838400000000006,1.4175000000000002,2.27,0.623175
133,Steven Adams,MEM,C,21.83,4.9,3.08,3.82,4.65,8.47,0.86,0.7,1.35,2.11,25.72,2.06,3.86,0.533,0.022400000000000003,0.11,0.20003200000000002,1.281,2.26,0.567945
134,Bam Adebayo,MIA,C,37.11,22.5,3.73,2.14,7.95,10.09,1.33,0.86,2.77,2.85,32.6,7.25,13.51,0.5366,0.07840000000000001,0.53,0.14694400000000002,5.208,6.34,0.8212050000000001
135,Nickeil Alexander-Walker,UTA,G,18.46,11.5,2.47,0.51,2.24,2.75,0.81,0.38,1.48,1.46,17.72,3.17,6.64,0.4773,1.3552000000000002,3.57,0.3797920000000001,1.2705,1.61,0.789705
136,Grayson Allen,MIL,G,21.44,12.28,2.22,0.47,3.08,3.55,0.75,0.25,0.83,1.57,26.23,1.5,3.03,0.4948,2.4304,6.09,0.3989440000000001,1.0605,1.22,0.870975
137,Jarrett Allen,CLE,C,29.95,15.22,1.28,3.36,7.15,10.51,0.77,1.14,1.61,1.96,31.88,5.96,10.28,0.5797,0.17920000000000003,0.54,0.329056,3.2655,4.35,0.7500150000000001
138,Kyle Anderson,MIN,F,19.74,8.73,2.55,0.92,3.61,4.53,0.98,0.63,1.08,1.65,23.84,2.11,4.37,0.4824,0.6944,1.84,0.37755200000000005,0.9974999999999999,1.38,0.7225050000000001
139,Giannis Antetokounmpo,MIL,F,47.63,25.85,6.3,2.01,9.32,11.33,1.08,1.34,3.48,3.05,29.65,8.48,15.77,0.5377,1.3104,3.44,0.38091200000000003,7.728000000000001,10.21,0.75663
140,Thanasis Antetokounmpo,MIL,F,8.59,4.44,0.6,0.77,2.0,2.77,0.33,0.27,0.44,1.54,10.42,1.33,2.67,0.4987,0.2016,0.66,0.307328,0.47250000000000003,0.77,0.614145
141,Cole Anthony,ORL,G,28.23,15.3,5.03,0.61,4.4,5.010000000000001,0.71,0.3,2.24,2.37,27.46,3.06,6.69,0.4572,2.2624000000000004,5.96,0.379456,3.507,4.08,0.8590050000000001
142,OG Anunoby,TOR,F,28.06,15.25,2.53,1.34,3.7,5.04,1.2,0.65,1.68,2.44,36.02,3.6,7.08,0.5084,2.7664000000000004,7.15,0.3870720000000001,2.1105,2.57,0.820575
143,Ryan Arcidiacono,NYK,G,7.46,4.15,1.24,0.23,0.99,1.22,0.32,0.1,0.38,1.11,9.59,0.42,0.88,0.4772,0.56,1.76,0.31897600000000004,0.399,0.65,0.612045
144,Deni Avdija,WAS,F,20.03,9.07,1.96,0.61,5.26,5.87,0.74,0.46,1.41,2.21,21.68,2.13,4.12,0.5169,1.288,3.43,0.37553600000000004,1.7745,2.43,0.7308
145,Deandre Ayton,PHX,C,29.51,16.74,1.37,2.59,7.61,10.2,0.73,0.89,1.58,2.51,28.5,6.23,10.76,0.5792,0.1456,0.45,0.32625600000000005,1.9425000000000001,2.48,0.782355
146,Udoka Azubuike,UTA,C,12.75,4.94,0.54,1.65,3.56,5.21,0.27,0.76,0.69,1.67,12.38,2.01,3.78,0.5317,0.022400000000000003,0.34,0.06563200000000001,0.861,1.18,0.730485
147,Marvin Bagley III,DET,F,20.0,11.01,1.0,2.12,4.56,6.68,0.55,0.38,0.87,2.1,22.07,4.07,7.96,0.5112,0.7168000000000001,1.92,0.373184,1.7745,2.56,0.6930000000000001
148,LaMelo Ball,CHA,G,39.38,20.19,7.28,1.13,4.68,5.81,1.58,0.42,2.86,3.07,31.27,4.05,8.43,0.4805,3.0128000000000004,7.73,0.38987200000000005,3.108,3.77,0.824985
149,Lonzo Ball,CHI,G,31.09,12.95,5.09,0.84,4.07,4.91,1.48,0.57,2.01,2.07,30.19,1.68,3.54,0.4751,3.136,7.84,0.40017600000000003,0.9555000000000001,1.15,0.82929
150,Mo Bamba,ORL,C,26.91,11.72,1.24,2.03,6.6,8.629999999999999,0.48,1.37,1.04,2.39,26.18,2.69,5.05,0.5324,1.6464,4.28,0.385056,1.2285,1.6,0.7671300000000001
151,Desmond Bane,MEM,G,25.27,14.53,2.22,0.6,3.45,4.05,1.04,0.37,1.4,2.49,30.28,3.16,6.54,0.4832,3.0352,7.56,0.40152000000000004,1.6695000000000002,1.93,0.8656200000000001
152,Harrison Barnes,SAC,F,24.25,14.13,2.43,0.84,4.29,5.13,0.65,0.22,1.36,1.32,31.88,3.37,6.52,0.5168,2.0720000000000005,5.28,0.3927840000000001,3.3390000000000004,3.92,0.8508150000000001
153,RJ Barrett,NYK,F,28.52,21.07,3.14,0.89,4.88,5.77,0.69,0.25,2.03,1.95,34.14,2.89,6.55,0.441,2.1952000000000003,5.69,0.38550400000000007,4.5360000000000005,5.8,0.78246
154,Will Barton,WAS,G,23.58,10.64,4.09,0.56,3.67,4.23,0.73,0.37,1.72,1.57,25.54,2.89,6.17,0.4687,2.2064000000000004,5.7,0.3870720000000001,1.218,1.45,0.8400000000000001
155,Keita Bates-Diop,SAS,F,11.43,6.9,0.72,0.77,2.5,3.27,0.42,0.24,0.88,1.75,17.34,2.14,4.24,0.5049,0.6384,1.86,0.342608,1.2915,1.71,0.7531650000000001
156,Nicolas Batum,LAC,G,18.39,7.26,1.63,0.56,3.29,3.85,0.85,0.5,0.58,1.77,20.91,1.04,1.95,0.5327,1.9040000000000001,4.78,0.39872,0.441,0.6,0.73416
157,Darius Bazley,OKC,F,21.36,10.34,1.53,0.91,5.07,5.98,0.71,0.77,1.49,1.19,27.83,3.12,6.46,0.483,1.4896000000000003,3.92,0.3802400000000001,2.0055,2.68,0.747495
158,Bradley Beal,WAS,G,32.18,23.31,5.03,0.97,3.27,4.24,1.03,0.38,3.46,2.14,36.89,7.2,13.95,0.516,2.0160000000000005,5.25,0.38382400000000005,3.948,4.63,0.8529150000000001
159,Malik Beasley,UTA,G,18.47,7.74,2.06,0.48,2.57,3.05,0.61,0.22,0.92,1.43,24.33,1.77,3.73,0.4739,2.9904,7.67,0.38998400000000005,0.882,1.03,0.854805
160,Davis Bertans,DAL,F,9.47,3.47,0.67,0.28,1.48,1.76,0.45,0.23,0.4,1.36,9.82,0.69,1.5,0.4586,1.5232000000000003,3.96,0.385056,0.672,0.96,0.7014
161,Patrick Beverley,LAL,G,22.52,8.85,3.93,0.75,2.76,3.51,0.93,0.7,1.04,2.49,20.2,1.66,3.57,0.4651,1.4896000000000003,3.86,0.38550400000000007,1.092,1.34,0.813015
162,Saddiq Bey,DET,F,30.31,19.66,3.22,1.01,3.89,4.9,0.91,0.27,0.96,1.77,28.46,3.56,7.78,0.4574,2.6544000000000003,6.85,0.38752000000000003,3.0135,3.53,0.8529150000000001
163,Khem Birch,TOR,C,13.74,4.95,0.79,2.21,2.63,4.84,0.52,0.61,0.57,1.88,16.64,2.25,4.37,0.5149,0.21280000000000002,0.69,0.310464,0.9660000000000001,1.29,0.748545
164,Goga Bitadze,IND,C,16.11,8.15,1.1,1.35,3.04,4.390000000000001,0.46,0.79,0.88,2.16,15.48,2.3,4.56,0.5046,0.6832,1.88,0.36344000000000004,1.512,2.05,0.737835
165,Bismack Biyombo,PHX,C,12.47,4.38,0.6,1.62,3.54,5.16,0.31,0.69,0.59,1.9,12.22,1.91,3.37,0.5662,0.022400000000000003,0.32,0.06944,0.8085000000000001,1.44,0.563115
166,Bogdan Bogdanovic,ATL,G,24.04,14.22,2.18,0.48,3.21,3.69,0.97,0.21,1.05,2.01,28.93,2.54,4.95,0.5128,2.9568000000000003,7.55,0.391776,1.1969999999999998,1.4,0.854805
167,Bojan Bogdanovic,UTA,F,21.86,14.19,1.95,0.72,2.79,3.51,0.53,0.12,1.5,1.52,22.85,3.32,6.41,0.5176,2.8896,7.35,0.393008,2.919,3.35,0.87045
168,Bol Bol,ORL,C,7.05,3.59,0.6,0.39,1.72,2.11,0.32,0.24,0.59,1.29,16.7,1.05,2.14,0.491,0.26880000000000004,0.86,0.31337600000000004,0.735,1.09,0.674625
169,Marques Bolden,MIL,C,10.32,7.03,0.66,0.8,2.0,2.8,0.49,0.3,0.4,1.56,12.67,2.08,4.58,0.4543,0.033600000000000005,0.41,0.08153600000000001,0.5670000000000001,1.02,0.55398
170,Devin Booker,PHX,G,38.07,26.0,5.38,0.63,4.48,5.11,0.99,0.37,2.52,2.45,33.59,6.99,13.66,0.5116,2.7328,7.36,0.37128000000000005,5.04,5.78,0.8714999999999999
171,Chris Boucher,TOR,F,18.78,10.41,0.59,1.88,3.39,5.27,0.53,0.83,0.66,2.3,20.04,2.19,4.28,0.5119,1.0080000000000002,2.62,0.38494400000000006,1.3860000000000001,1.69,0.819945
172,Tony Bradley,CHI,C,10.54,3.56,0.68,1.12,2.69,3.81,0.29,0.75,0.62,1.1,9.61,1.72,2.99,0.5762,0.07840000000000001,0.96,0.08164800000000001,0.7035000000000001,1.02,0.69006
173,Mikal Bridges,PHX,F,26.31,15.41,2.41,0.85,3.28,4.13,0.97,0.65,0.79,1.81,34.25,4.01,7.52,0.5333,1.8368,4.64,0.39580800000000005,1.806,2.12,0.8518650000000001
174,Oshae Brissett,IND,F,18.08,7.85,1.21,1.27,3.72,4.99,0.71,0.61,0.84,1.83,23.14,2.05,4.4,0.4654,1.2656,3.35,0.37766400000000006,1.7010000000000003,2.17,0.7827750000000001
175,Malcolm Brogdon,BOS,G,30.34,17.58,5.43,0.83,3.47,4.3,0.77,0.36,2.03,1.9,31.03,3.91,7.56,0.5172,2.0160000000000005,5.16,0.39099200000000006,3.6015,4.16,0.8667750000000001
176,Dillon Brooks,MEM,G,24.89,16.83,3.1,0.8,2.56,3.3600000000000003,1.0,0.31,1.4,2.96,25.95,5.27,11.91,0.4423,1.6688,4.36,0.38259200000000004,2.7300000000000004,3.17,0.8603700000000001
177,Bruce Brown,DEN,G,21.04,10.14,2.42,1.24,3.46,4.7,0.96,0.57,0.9,2.1,23.73,2.81,5.36,0.5239,0.6384,1.7,0.37598400000000004,1.533,1.95,0.78687
178,Jaylen Brown,BOS,G,33.75,25.69,3.24,0.91,5.21,6.12,1.04,0.34,2.95,2.37,34.55,6.44,12.55,0.513,2.6096000000000004,6.74,0.38718400000000003,4.221,5.34,0.79086
179,Moses Brown,LAC,C,10.47,5.15,0.41,1.04,2.23,3.27,0.37,0.72,0.71,1.49,12.91,2.2,3.84,0.5728,0.033600000000000005,0.52,0.064512,0.861,1.31,0.657405
180,Sterling Brown,HOU,G,11.79,6.24,0.86,0.5,2.17,2.67,0.52,0.19,0.56,1.36,15.39,1.2,2.88,0.417,1.2656,3.28,0.38528,0.63,0.77,0.813015
181,Charlie Brown Jr.,PHI,G,7.74,3.34,1.01,0.59,1.19,1.7799999999999998,0.41,0.23,0.46,0.83,12.14,0.94,2.11,0.4456,0.392,1.19,0.3304,0.609,0.98,0.6237
182,Troy Brown Jr.,LAL,G,12.28,5.89,1.63,0.57,1.75,2.32,0.46,0.21,0.58,1.37,17.53,1.19,2.39,0.4984,1.0752000000000002,2.85,0.37744000000000005,0.7035000000000001,0.93,0.7585200000000001
183,Jalen Brunson,NYK,G,28.25,14.73,5.73,0.46,3.73,4.19,0.77,0.13,1.62,1.95,28.85,4.24,8.1,0.5235,1.624,4.14,0.392,1.9845,2.36,0.8405250000000001
184,Thomas Bryant,LAL,C,15.29,8.95,1.12,0.89,2.49,3.3800000000000003,0.31,0.74,0.74,1.95,12.58,2.46,4.56,0.54,0.7728,2.16,0.358064,1.6905000000000001,2.34,0.7234499999999999
185,Reggie Bullock,DAL,G,17.58,7.58,1.53,0.37,3.02,3.39,0.58,0.2,0.5,1.58,24.02,1.38,2.69,0.5135,2.5872,6.61,0.39155200000000007,0.5775000000000001,0.67,0.86079
186,Trey Burke,HOU,G,11.52,6.38,2.2,0.24,1.1,1.34,0.48,0.09,0.57,1.04,13.03,2.04,4.54,0.4491,0.6832,1.8,0.380576,0.5775000000000001,0.69,0.83118
187,Alec Burks,DET,G,20.23,10.43,2.26,0.48,3.14,3.62,0.81,0.26,1.03,2.35,25.9,1.65,3.63,0.4545,2.0720000000000005,5.25,0.39468800000000004,2.4885,2.92,0.8529150000000001
188,Jimmy Butler,MIA,F,32.46,19.41,4.59,1.39,3.88,5.27,1.59,0.42,2.24,1.46,29.76,6.42,12.8,0.5017,0.7168000000000001,2.0,0.35840000000000005,6.0584999999999996,6.98,0.867405
189,Devontae Cacok,POR,F,10.35,6.1,0.4,1.06,2.48,3.54,0.39,0.46,0.48,1.53,8.25,1.13,2.01,0.5621,0.022400000000000003,0.35,0.06440000000000001,0.5565000000000001,0.93,0.599445
190,Kentavious Caldwell-Pope,DEN,G,21.09,12.19,1.82,0.46,3.04,3.5,0.98,0.31,1.09,1.8,26.21,2.74,6.13,0.4473,2.3408,5.97,0.392,1.4280000000000002,1.65,0.86709
191,Vlatko Cancar,DEN,F,10.6,4.66,1.54,0.45,2.06,2.5100000000000002,0.29,0.18,0.54,1.39,10.7,1.54,2.96,0.521,0.6496000000000001,1.77,0.366352,0.5984999999999999,0.82,0.72828
192,Devin Cannady,ORL,G,19.64,10.14,1.98,0.86,1.45,2.31,0.72,0.51,0.71,1.35,18.53,1.41,3.1,0.4547,2.7328,7.08,0.3859520000000001,1.4280000000000002,1.72,0.83013
193,Clint Capela,ATL,C,28.12,10.97,1.22,3.7,7.8,11.5,0.62,1.32,0.78,2.07,25.57,3.31,5.77,0.5735,0.022400000000000003,0.11,0.195664,1.26,2.06,0.612885
194,Vernon Carey Jr.,WAS,F,8.53,3.23,0.5,1.09,2.33,3.42,0.34,0.21,0.5,1.36,6.79,1.57,2.83,0.5545,0.08960000000000001,0.49,0.18166400000000002,1.008,1.38,0.73164
195,Jevon Carter,MIL,G,11.39,4.33,1.7,0.26,1.49,1.75,0.46,0.22,0.53,1.09,14.35,0.86,1.83,0.4696,1.3888,3.67,0.378336,0.672,0.92,0.729645
196,Wendell Carter Jr.,ORL,C,31.92,13.98,3.16,2.35,8.56,10.91,0.71,0.77,1.89,2.55,28.27,3.24,6.28,0.5161,1.4112000000000002,3.72,0.379456,2.688,3.45,0.77847
197,Alex Caruso,CHI,G,17.97,6.6,2.92,0.75,2.45,3.2,1.34,0.34,1.35,2.0,23.61,1.26,2.72,0.4635,1.0976000000000001,2.85,0.385056,1.4385000000000001,1.95,0.73626
198,Chris Chiozza,BKN,G,10.96,2.78,3.59,0.26,1.25,1.51,0.4,0.15,1.04,0.79,13.18,0.73,1.56,0.4686,0.6384,1.78,0.35784000000000005,0.5145,0.99,0.520905
199,Marquese Chriss,HOU,F,11.39,4.23,1.03,0.96,2.4,3.36,0.43,0.63,0.69,1.82,13.89,2.47,5.5,0.4489,0.3808000000000001,1.25,0.304416,0.7140000000000001,1.15,0.622755
200,Brandon Clarke,MEM,F,19.01,7.94,1.34,1.68,3.6,5.28,0.67,0.92,0.7,1.95,20.23,3.96,6.96,0.569,0.24640000000000004,0.79,0.31203200000000003,1.05,1.47,0.7130550000000001
201,Jordan Clarkson,UTA,G,25.38,17.34,2.68,0.69,2.78,3.4699999999999998,0.79,0.17,1.53,1.65,25.1,3.62,7.1,0.5098,2.9344000000000006,7.5,0.39110400000000006,1.9425000000000001,2.27,0.854805
202,Nic Claxton,BKN,C,22.78,10.69,1.07,2.24,4.87,7.11,0.53,1.34,0.83,2.26,23.01,4.89,8.36,0.5848,0.05600000000000001,0.48,0.11737600000000002,1.1550000000000002,1.87,0.616035
203,Amir Coffey,LAC,G,14.77,6.24,1.98,0.38,2.12,2.5,0.64,0.18,0.68,1.26,19.06,1.63,3.25,0.5021,1.4112000000000002,3.54,0.39827200000000007,1.848,2.34,0.7885500000000001
204,John Collins,ATL,F,29.14,16.49,1.62,1.77,6.44,8.21,0.64,0.88,1.02,2.88,28.14,3.3,6.15,0.5362,1.6464,4.2,0.391776,2.0055,2.41,0.83202
205,Zach Collins,SAS,F,17.97,8.36,1.69,1.72,3.89,5.61,0.56,0.55,1.29,2.41,26.76,2.52,4.92,0.5119,0.7168000000000001,1.97,0.36467200000000005,1.596,2.03,0.7875000000000001
206,Mike Conley,UTA,G,24.95,12.13,4.41,0.57,2.0,2.57,1.15,0.29,1.57,1.88,28.08,2.45,5.12,0.4786,2.5200000000000005,6.32,0.3988320000000001,1.9845,2.33,0.853125
207,Pat Connaughton,MIL,G,19.16,9.11,1.98,0.65,3.14,3.79,0.77,0.25,0.41,1.58,19.27,1.07,2.03,0.5264,1.8592000000000002,4.7,0.39580800000000005,0.6194999999999999,0.76,0.8195250000000001
208,Robert Covington,LAC,F,22.56,6.95,1.43,0.8,4.68,5.4799999999999995,1.15,1.08,0.93,2.35,27.05,1.09,2.19,0.4974,2.2064000000000004,5.61,0.39312,0.8400000000000001,0.99,0.8505000000000001
209,Torrey Craig,PHX,F,13.75,4.74,1.06,0.92,3.05,3.9699999999999998,0.52,0.44,0.64,1.45,18.52,1.68,3.14,0.5356,1.064,2.74,0.38785600000000003,0.525,0.67,0.78162
210,Jae Crowder,PHX,F,21.38,9.41,1.7,0.44,4.17,4.61,1.16,0.36,0.81,2.24,27.68,1.36,2.85,0.4775,2.2512,5.82,0.386736,1.092,1.38,0.790965
211,Jarrett Culver,ATL,G,9.25,7.43,0.76,0.45,0.97,1.42,0.47,0.18,0.62,1.23,16.05,1.63,3.4,0.4798,0.5824,1.81,0.321776,0.9345000000000001,1.48,0.6321
212,Seth Curry,BKN,G,22.4,13.96,3.37,0.3,1.96,2.26,0.73,0.16,1.5,2.11,25.86,3.08,6.06,0.5079,2.576,6.35,0.405776,1.344,1.54,0.8721300000000001
213,Stephen Curry,GSW,G,37.43,24.87,4.13,0.48,4.71,5.1899999999999995,1.04,0.34,2.77,1.92,33.03,3.86,7.49,0.5151,4.7936000000000005,12.11,0.39569600000000005,4.2945,4.89,0.877695
214,Anthony Davis,LAL,F,38.06,21.45,2.63,2.45,7.05,9.5,1.15,1.95,2.18,2.06,32.92,8.17,16.13,0.5065,0.8064,2.76,0.291984,3.7485,4.81,0.7788900000000001
215,Terence Davis,SAC,G,15.34,7.57,1.55,0.43,2.19,2.62,0.71,0.34,0.95,1.87,17.63,2.37,4.66,0.5086,1.5232000000000003,3.94,0.3864,1.0815000000000001,1.27,0.851655
216,DeMar DeRozan,CHI,G,32.54,24.14,4.48,0.65,4.49,5.140000000000001,0.88,0.29,2.36,2.0,34.74,8.38,16.28,0.5147,0.7168000000000001,1.91,0.3746400000000001,5.439,6.23,0.872655
217,Dewayne Dedmon,MIA,C,13.21,5.44,0.76,1.08,3.45,4.53,0.45,0.52,0.7,2.18,14.08,1.85,3.41,0.5425,0.42560000000000003,1.19,0.35694400000000004,1.0185,1.33,0.76692
218,Matthew Dellavedova,SAC,G,9.69,4.05,2.42,0.34,0.86,1.2,0.4,0.09,0.59,0.98,11.6,0.82,1.77,0.4638,0.6832,2.2,0.310352,0.399,0.62,0.6447
219,Donte DiVincenzo,GSW,G,17.72,6.43,2.85,0.9,2.57,3.4699999999999998,0.89,0.25,1.29,1.56,13.43,1.12,2.56,0.4379,1.8704,5.07,0.36859200000000003,1.1969999999999998,1.51,0.793065
220,Mamadi Diakite,CLE,F,11.81,5.71,0.62,1.0,3.01,4.01,0.44,0.51,0.59,1.88,12.63,1.57,3.11,0.5045,0.2016,0.7,0.28672000000000003,0.756,1.04,0.7235550000000001
221,Hamidou Diallo,DET,G,18.75,10.89,1.81,1.07,3.28,4.35,0.93,0.34,1.01,2.29,19.57,3.32,6.57,0.5055,0.6048000000000001,1.83,0.33062400000000003,1.9845,2.86,0.69342
222,Gorgui Dieng,SAS,C,10.35,3.53,0.88,0.69,2.06,2.75,0.46,0.31,0.71,1.35,13.77,0.89,1.68,0.5305,1.064,2.79,0.38203200000000004,0.8925,1.13,0.7906500000000001
223,Spencer Dinwiddie,DAL,G,22.93,11.67,3.9,0.58,3.77,4.35,0.72,0.23,1.52,1.96,25.47,2.69,5.85,0.4602,1.5792000000000002,4.34,0.36422400000000005,3.003,3.67,0.8191050000000001
224,Luka Doncic,DAL,F,48.44,26.81,8.43,0.91,8.45,9.36,1.02,0.58,3.86,2.19,35.15,5.72,10.87,0.5263,3.3152000000000004,8.66,0.38270400000000004,5.985,7.62,0.78582
225,Tyler Dorsey,DAL,G,12.5,7.8,1.4,0.45,1.94,2.39,0.45,0.14,0.65,1.0,17.25,1.42,3.03,0.4685,1.0752000000000002,2.93,0.367024,0.987,1.41,0.70098
226,Luguentz Dort,OKC,G,24.84,16.67,2.02,0.64,3.55,4.1899999999999995,0.99,0.38,1.99,2.56,32.18,3.51,7.6,0.4619,2.8000000000000003,7.23,0.38718400000000003,3.2025,3.89,0.8229900000000001
227,Goran Dragic,CHI,G,15.64,5.7,3.36,0.48,2.45,2.93,0.68,0.22,1.25,1.58,21.67,1.92,3.95,0.4859,0.8624,2.28,0.378896,0.987,1.24,0.7939050000000001
228,Andre Drummond,CHI,C,24.09,10.91,1.67,2.63,6.21,8.84,1.18,0.79,1.49,2.59,19.85,3.14,6.18,0.5081,0.05600000000000001,0.42,0.13406400000000002,1.3755000000000002,2.23,0.61677
229,Kevin Durant,BKN,F,41.68,26.86,5.39,0.47,7.9,8.370000000000001,0.79,0.69,3.55,2.07,33.65,8.08,15.09,0.5356,2.6320000000000006,6.73,0.39099200000000006,4.095,4.63,0.8844150000000001
230,Anthony Edwards,MIN,G,30.4,19.55,3.5,0.91,4.03,4.94,1.29,0.54,2.66,2.16,30.76,2.93,5.71,0.5128,2.8448,7.51,0.379008,3.507,4.28,0.8200500000000001
231,CJ Elleby,MIN,F,15.26,7.94,1.43,0.99,2.76,3.75,0.65,0.29,0.99,1.79,25.5,1.67,3.45,0.4836,1.1760000000000002,3.12,0.37710400000000005,1.2075,1.57,0.7680750000000001
232,Joel Embiid,PHI,C,46.81,29.94,4.49,1.99,9.07,11.06,0.96,1.29,3.08,2.71,33.52,7.42,14.55,0.5101,1.5792000000000002,4.1,0.385616,8.631,10.11,0.8538600000000001
233,Drew Eubanks,POR,F,18.98,9.93,1.33,1.92,3.88,5.8,0.48,0.85,1.03,1.84,18.21,3.35,5.83,0.5746,0.168,0.67,0.24998400000000004,1.3335000000000001,1.74,0.76566
234,Derrick Favors,OKC,F,12.5,6.13,0.71,1.46,2.8,4.26,0.39,0.43,0.45,1.68,12.1,2.07,3.94,0.525,0.17920000000000003,0.82,0.217728,0.903,1.26,0.71883
235,Bruno Fernando,HOU,F,9.44,4.58,0.49,1.02,2.36,3.38,0.29,0.53,0.61,1.53,15.17,1.41,2.71,0.52,0.05600000000000001,0.31,0.18032,0.47250000000000003,0.72,0.6525750000000001
236,Dorian Finney-Smith,DAL,F,22.01,10.89,1.62,1.28,3.44,4.72,0.99,0.48,1.0,2.27,30.51,2.11,3.96,0.5322,2.2848,5.88,0.38841600000000004,0.5775000000000001,0.79,0.7332150000000001
237,Malachi Flynn,TOR,G,11.83,4.35,2.29,0.24,1.82,2.06,0.55,0.12,0.64,1.04,16.36,1.6,3.52,0.4545,0.8288000000000001,2.27,0.36556800000000006,0.7140000000000001,0.96,0.743505
238,Bryn Forbes,MIN,G,11.13,6.96,1.4,0.24,1.03,1.27,0.37,0.11,1.0,1.28,17.35,1.46,3.13,0.4659,1.6576000000000002,4.14,0.39995200000000003,1.1760000000000002,1.44,0.8179500000000001
239,Trent Forrest,ATL,G,11.29,7.34,1.83,0.47,1.48,1.95,0.56,0.12,0.87,1.2,14.26,1.38,2.44,0.5651,0.30240000000000006,1.0,0.30352000000000007,0.7665,1.0,0.76902
240,Evan Fournier,NYK,G,20.84,11.29,2.34,0.38,2.3,2.6799999999999997,0.94,0.3,1.04,2.05,28.88,1.71,3.61,0.474,2.6768000000000005,6.84,0.39155200000000007,1.1969999999999998,1.45,0.8230950000000001
241,De'Aaron Fox,SAC,G,36.25,23.01,7.1,0.5,3.48,3.98,1.17,0.38,2.9,2.46,34.3,6.63,12.81,0.5175,1.7920000000000003,4.74,0.377888,4.977,6.35,0.7842450000000001
242,Markelle Fultz,ORL,G,18.85,7.66,4.91,0.44,2.34,2.78,0.95,0.26,2.1,1.74,14.72,3.9,8.47,0.4603,0.48160000000000003,1.54,0.31236800000000003,2.079,2.44,0.852075
243,Wenyen Gabriel,LAL,F,12.74,7.34,0.68,1.16,2.7,3.8600000000000003,0.31,0.4,0.54,1.93,15.04,1.77,3.53,0.5015,0.7056000000000001,2.09,0.338352,0.924,1.46,0.632835
244,Daniel Gafford,WAS,F,22.66,10.58,1.26,2.2,4.96,7.16,0.49,1.31,0.98,2.15,20.69,4.4,7.53,0.5842,0.033600000000000005,0.51,0.06596800000000001,1.6695000000000002,2.21,0.756105
245,Danilo Gallinari,BOS,F,15.54,8.21,1.14,0.4,3.12,3.52,0.49,0.19,0.58,1.38,20.6,1.46,3.21,0.4551,1.7136000000000002,4.36,0.39345600000000003,1.5225,1.75,0.870135
246,Darius Garland,CLE,G,34.97,19.02,8.14,0.56,2.79,3.35,1.16,0.15,3.12,1.81,34.43,4.92,9.61,0.512,2.5984000000000003,6.66,0.390208,3.6645000000000003,4.26,0.8602650000000001
247,Rudy Gay,UTA,F,14.78,7.35,1.1,0.84,3.46,4.3,0.51,0.31,0.79,1.67,17.95,1.91,4.03,0.4738,1.0192,2.67,0.38180800000000004,0.9555000000000001,1.16,0.820995
248,Paul George,LAC,F,39.18,24.97,5.41,0.57,6.31,6.88,1.57,0.38,3.71,2.15,33.4,5.13,10.61,0.4837,3.2144000000000004,8.3,0.38718400000000003,3.9270000000000005,4.53,0.867405
249,Taj Gibson,WAS,F,12.41,2.63,0.61,1.58,2.93,4.51,0.5,0.78,0.45,2.21,16.48,1.41,2.64,0.5348,0.3472,1.06,0.326928,0.7665,0.99,0.77637
250,Shai Gilgeous-Alexander,OKC,G,36.68,24.22,5.82,0.67,4.04,4.71,1.09,0.6,2.85,2.32,34.87,6.51,12.71,0.512,1.8816000000000002,4.96,0.3796800000000001,6.3105,7.42,0.851025
251,Anthony Gill,WAS,F,8.29,3.52,0.67,0.76,1.66,2.42,0.27,0.29,0.39,1.4,7.74,1.09,2.03,0.5379,0.36960000000000004,1.13,0.32771200000000006,0.9555000000000001,1.2,0.799575
252,Rudy Gobert,MIN,C,30.84,11.34,1.09,3.15,9.31,12.46,0.6,1.87,1.83,2.57,30.91,5.24,8.89,0.5895,0.022400000000000003,0.15,0.147952,3.7590000000000003,5.14,0.7311150000000001
253,Aaron Gordon,DEN,F,26.46,18.21,2.37,1.92,4.44,6.36,0.69,0.61,1.58,1.98,30.65,3.36,6.51,0.5162,1.1760000000000002,3.07,0.38360000000000005,2.3625000000000003,3.16,0.7478100000000001
254,Eric Gordon,HOU,G,18.8,14.3,2.38,0.28,1.84,2.12,0.49,0.3,1.73,1.12,27.45,2.36,4.43,0.5323,2.0608000000000004,5.41,0.380688,2.079,2.52,0.823725
255,Devonte' Graham,NOP,G,21.28,8.44,4.74,0.41,1.62,2.0300000000000002,0.84,0.14,1.42,1.36,26.87,1.78,3.95,0.4501,2.5088000000000004,6.5,0.386064,1.3860000000000001,1.62,0.85344
256,Jerami Grant,POR,F,27.65,18.57,2.64,0.55,3.75,4.3,0.82,0.74,1.8,2.07,33.31,4.39,9.52,0.4613,2.2176,5.71,0.38830400000000004,4.4205000000000005,5.19,0.852075
257,Danny Green,MEM,G,14.49,4.81,1.28,0.53,1.72,2.25,0.9,0.62,0.56,1.58,16.6,0.6,1.33,0.4527,1.7696000000000003,4.51,0.392,0.3885,0.58,0.6646500000000001
258,Draymond Green,GSW,F,26.85,6.55,5.96,0.8,5.64,6.4399999999999995,1.32,0.81,2.1,2.68,20.07,1.8,3.53,0.5099,0.6272000000000001,1.99,0.315616,1.1025,1.54,0.714315
259,JaMychal Green,GSW,F,13.01,6.06,0.89,0.98,2.96,3.94,0.47,0.38,0.78,2.29,14.58,1.76,3.41,0.5155,0.7168000000000001,1.93,0.372288,1.1025,1.33,0.8308650000000001
260,Javonte Green,CHI,G,15.87,7.65,0.9,1.23,3.15,4.38,0.71,0.42,0.58,1.91,18.28,2.17,4.05,0.5353,0.7728,2.03,0.3813600000000001,1.1025,1.38,0.798
261,Jeff Green,DEN,F,14.91,7.81,1.57,0.46,2.8,3.26,0.42,0.36,0.89,1.81,20.72,3.18,6.0,0.5303,0.7168000000000001,1.86,0.38584,2.1,2.48,0.8463
262,Josh Green,DAL,G,12.36,6.99,1.33,0.82,1.72,2.54,0.67,0.22,0.74,1.67,20.86,1.4,2.66,0.5256,0.7056000000000001,2.13,0.33185600000000004,1.0710000000000002,1.52,0.7059150000000001
263,Rui Hachimura,WAS,F,18.18,11.8,1.04,0.6,3.61,4.21,0.56,0.2,0.85,1.29,21.71,3.64,7.04,0.5174,1.4672000000000003,3.82,0.38427200000000006,1.218,1.55,0.78519
264,Tyrese Haliburton,IND,G,35.66,17.74,7.5,0.82,3.56,4.38,1.55,0.55,2.72,1.84,31.74,2.79,5.4,0.517,2.2512,5.63,0.39995200000000003,2.3100000000000005,2.71,0.853755
265,R.J. Hampton,ORL,G,14.77,8.86,2.43,0.47,1.98,2.45,0.72,0.22,1.42,1.38,23.17,2.28,4.79,0.4757,0.8736000000000002,2.32,0.37576000000000004,1.3650000000000002,2.02,0.6743100000000001
266,Tim Hardaway Jr.,DAL,G,22.06,15.3,1.72,0.3,2.47,2.77,0.81,0.17,0.66,1.49,26.92,2.38,4.94,0.4813,2.7104000000000004,7.05,0.38472000000000006,1.6800000000000002,2.04,0.8255100000000001
267,James Harden,PHI,G,40.98,22.86,8.93,0.76,5.12,5.88,1.09,0.7,3.84,2.21,32.32,4.01,8.48,0.4728,2.0272,5.29,0.38337600000000005,6.7305,7.8,0.862365
268,Maurice Harkless,ATL,F,9.86,3.08,0.67,0.37,2.11,2.48,0.61,0.43,0.53,1.72,17.28,1.09,2.05,0.5319,0.7168000000000001,1.98,0.361872,0.546,0.7,0.7821450000000001
269,Montrezl Harrell,PHI,F,19.09,9.56,1.71,2.09,2.96,5.05,0.56,0.6,1.0,1.93,20.94,4.51,7.73,0.5838,0.17920000000000003,0.72,0.25043200000000004,2.8875,3.81,0.757995
270,Gary Harris,ORL,G,17.36,9.93,1.78,0.53,1.67,2.2,0.79,0.19,0.91,1.69,24.59,2.61,5.63,0.4638,2.0608000000000004,5.25,0.3926720000000001,1.827,2.11,0.864885
271,Joe Harris,BKN,G,16.81,9.48,1.45,0.46,2.51,2.9699999999999998,0.52,0.17,1.04,1.69,22.41,1.11,2.28,0.4879,2.6208,6.42,0.40812800000000005,0.987,1.22,0.809025
272,Tobias Harris,PHI,F,30.44,17.79,3.43,0.91,5.59,6.5,0.69,0.68,1.66,2.1,31.61,4.98,9.62,0.5176,1.6464,4.22,0.39032,3.192,3.74,0.8529150000000001
273,Josh Hart,POR,G,25.55,14.52,2.88,0.96,5.65,6.61,0.97,0.27,2.29,2.64,32.69,3.73,7.05,0.5292,1.5456,4.03,0.38360000000000005,2.7405,3.5,0.78267
274,Isaiah Hartenstein,NYK,C,18.9,8.68,2.41,1.38,2.89,4.27,0.7,0.9,1.07,2.39,16.27,2.82,5.15,0.5481,0.24640000000000004,0.87,0.28380800000000006,1.3125,1.79,0.73479
275,Udonis Haslem,MIA,F,5.21,2.73,0.28,0.41,1.52,1.93,0.23,0.11,0.39,1.13,10.23,1.07,2.21,0.4844,0.1456,0.55,0.266224,0.399,0.6,0.660765
276,Jaxson Hayes,NOP,C,17.54,9.94,0.79,1.71,2.78,4.49,0.47,0.78,0.9,2.21,23.04,3.65,6.23,0.5861,0.5712,1.63,0.35056000000000004,2.0475,2.57,0.7974749999999999
277,Killian Hayes,DET,G,13.76,4.88,2.75,0.45,2.01,2.46,1.01,0.46,2.05,2.21,19.4,2.06,4.56,0.4521,0.8400000000000001,2.27,0.37060800000000005,1.0605,1.32,0.80157
278,Gordon Hayward,CHA,F,24.05,16.23,2.19,0.7,3.46,4.16,0.97,0.35,1.53,1.84,26.96,3.42,6.96,0.4916,1.9040000000000001,4.9,0.38852800000000004,2.6355,3.07,0.85953
279,Juancho Hernangomez,TOR,F,11.16,5.42,0.72,0.68,2.88,3.56,0.42,0.26,0.6,1.02,14.74,0.88,1.61,0.5477,0.7616000000000002,2.15,0.35425600000000007,0.8190000000000001,1.31,0.6240150000000001
280,Willy Hernangomez,NOP,C,18.34,9.92,1.34,2.44,4.09,6.529999999999999,0.46,0.39,0.92,2.0,21.68,3.1,5.96,0.5201,0.13440000000000002,0.42,0.32099200000000006,1.827,2.44,0.7489650000000001
281,Tyler Herro,MIA,G,28.0,16.98,4.49,0.47,4.53,5.0,0.74,0.19,2.51,1.42,30.4,3.18,6.58,0.4834,2.5536,6.53,0.390768,2.94,3.42,0.86016
282,Buddy Hield,IND,G,24.82,13.63,2.46,0.75,3.7,4.45,0.91,0.31,1.6,2.23,31.8,2.06,4.58,0.4497,3.4832,8.95,0.38908800000000004,1.1235000000000002,1.31,0.859845
283,Haywood Highsmith,MIA,F,6.68,2.28,0.53,0.58,1.24,1.8199999999999998,0.29,0.21,0.48,1.15,6.67,1.36,2.91,0.4677,0.8064,2.29,0.35212800000000005,0.525,1.06,0.495075
284,George Hill,MIL,G,12.93,4.31,2.04,0.56,2.32,2.88,0.71,0.2,0.74,0.93,23.17,1.1,2.17,0.5069,0.784,2.18,0.360304,0.8925,1.07,0.836325
285,Nate Hinton,CLE,G,6.4,2.56,1.23,0.26,1.19,1.45,0.47,0.15,0.64,1.56,7.39,0.93,2.0,0.4652,0.28,1.51,0.18569600000000003,0.8295000000000001,1.59,0.5229
286,Aaron Holiday,ATL,G,11.6,4.61,2.25,0.38,1.46,1.8399999999999999,0.65,0.18,1.08,1.25,15.49,1.53,3.28,0.4671,0.8288000000000001,2.17,0.38203200000000004,1.05,1.25,0.837585
287,Jrue Holiday,MIL,G,31.3,13.91,6.36,0.83,3.58,4.41,1.47,0.44,2.64,1.75,28.87,4.65,8.91,0.522,1.9600000000000002,4.87,0.40252800000000005,1.7115,2.09,0.817215
288,Justin Holiday,ATL,F,16.6,8.16,1.18,0.38,2.13,2.51,0.72,0.42,0.75,1.48,25.27,0.8,1.67,0.4802,2.6544000000000003,6.85,0.38752000000000003,0.5880000000000001,0.7,0.84378
289,Richaun Holmes,SAC,F,19.5,10.43,1.18,2.09,3.93,6.02,0.44,0.84,1.08,2.75,18.36,3.97,6.94,0.5724,0.12320000000000002,0.41,0.30027200000000004,1.9215000000000002,2.35,0.817845
290,Al Horford,BOS,C,26.07,6.28,3.45,1.08,5.48,6.5600000000000005,0.69,1.3,0.87,1.94,23.84,1.96,3.93,0.499,1.7136000000000002,4.41,0.38875200000000004,0.9450000000000001,1.15,0.822675
291,Talen Horton-Tucker,UTA,G,20.7,11.85,2.99,0.56,2.75,3.31,1.02,0.47,1.45,2.18,23.79,3.78,7.73,0.4889,0.8400000000000001,2.22,0.378784,1.5015,1.88,0.7977900000000001
292,Danuel House Jr.,PHI,F,12.36,5.41,1.04,0.41,2.72,3.1300000000000003,0.47,0.35,0.73,1.27,13.71,1.12,2.4,0.466,1.1984000000000001,3.13,0.38259200000000004,1.0710000000000002,1.45,0.73626
293,Kevin Huerter,SAC,G,22.84,12.5,3.11,0.48,2.79,3.27,0.83,0.34,1.2,2.18,26.72,2.35,4.61,0.5097,2.3744000000000005,6.05,0.392336,0.798,0.95,0.84378
294,De'Andre Hunter,ATL,F,19.77,13.45,1.19,0.55,3.29,3.84,0.77,0.37,1.18,2.49,26.52,3.35,6.94,0.483,1.6128,4.16,0.38774400000000003,2.4779999999999998,2.99,0.8298150000000001
295,Serge Ibaka,MIL,F,14.26,6.61,0.99,0.99,3.16,4.15,0.28,0.69,0.69,1.37,11.53,1.9,3.56,0.5344,0.7728,2.22,0.34809600000000007,0.7454999999999999,0.93,0.8008350000000001
296,Joe Ingles,MIL,F,16.31,5.77,2.93,0.31,2.88,3.19,0.52,0.2,1.08,1.39,22.38,0.9,1.69,0.5322,1.848,4.75,0.38942400000000005,0.5355000000000001,0.7,0.7703850000000001
297,Brandon Ingram,NOP,F,32.59,22.4,4.71,0.64,4.64,5.279999999999999,0.69,0.58,2.62,2.31,33.88,7.34,15.01,0.4889,1.5792000000000002,4.15,0.380464,4.8615,5.7,0.8529150000000001
298,Kyrie Irving,BKN,G,38.39,25.37,4.89,0.7,3.94,4.64,1.21,0.6,2.21,2.48,36.5,4.61,9.37,0.492,3.5616000000000003,9.1,0.39121600000000006,4.0635,4.63,0.87675
299,Jonathan Isaac,ORL,F,26.33,8.22,1.62,1.73,4.8,6.529999999999999,1.3,1.88,1.38,1.96,31.27,3.44,6.66,0.5166,1.2096000000000002,3.2,0.378336,1.7115,2.07,0.82677
300,Josh Jackson,TOR,G,14.64,4.61,1.96,0.53,2.74,3.2700000000000005,0.55,0.54,0.88,1.85,10.75,2.27,4.36,0.5208,0.9968000000000001,2.74,0.36444800000000005,1.344,1.75,0.766605
301,Justin Jackson,BOS,F,5.82,3.57,0.47,0.28,0.92,1.2000000000000002,0.28,0.11,0.47,0.96,13.42,0.79,1.7,0.4642,0.6384,1.93,0.33084800000000003,0.5775000000000001,0.83,0.6930000000000001
302,Reggie Jackson,LAC,G,24.58,17.51,4.58,0.38,2.82,3.1999999999999997,0.56,0.16,2.05,1.9,25.88,4.26,9.31,0.4578,1.8256000000000001,4.72,0.386736,1.1340000000000001,1.32,0.857745
303,Jaren Jackson Jr.,MEM,F,30.16,17.71,1.1,1.39,4.43,5.819999999999999,0.98,1.96,1.49,3.09,26.77,3.81,7.89,0.4827,1.9936000000000003,5.22,0.38180800000000004,3.3180000000000005,3.89,0.8518650000000001
304,LeBron James,LAL,F,42.66,26.77,5.35,0.88,6.9,7.78,1.08,0.83,3.5,2.15,34.49,7.34,13.82,0.531,3.2032000000000003,8.26,0.38796800000000004,5.1345,6.66,0.7703850000000001
305,DaQuan Jeffries,NYK,G,8.51,3.96,1.31,0.61,1.17,1.7799999999999998,0.43,0.19,0.42,0.83,7.73,0.57,1.03,0.5529,0.31360000000000005,0.94,0.334432,0.5775000000000001,0.95,0.6111
306,Ty Jerome,OKC,G,16.91,8.98,2.62,0.38,2.08,2.46,0.63,0.19,0.78,1.67,11.67,2.51,5.12,0.4905,1.2992000000000001,3.39,0.382928,1.3650000000000002,1.84,0.7407750000000001
307,Isaiah Joe,PHI,G,8.36,3.65,0.8,0.26,1.43,1.69,0.44,0.13,0.57,1.03,12.89,0.68,1.52,0.4485,1.1536000000000002,3.16,0.36500800000000005,0.7454999999999999,1.07,0.6938400000000001
308,Alize Johnson,SAS,F,8.53,3.65,0.55,1.09,1.99,3.08,0.31,0.19,0.66,1.33,13.36,1.05,2.2,0.4773,0.6944,2.13,0.32569600000000004,0.6825000000000001,0.98,0.6984600000000001
309,Cameron Johnson,PHX,F,20.58,11.23,1.34,0.61,3.4,4.01,0.81,0.25,0.65,1.73,25.55,1.56,3.0,0.5205,2.3968000000000003,5.95,0.40252800000000005,1.6275000000000002,1.89,0.8590050000000001
310,James Johnson,IND,F,13.66,4.37,1.84,0.68,2.69,3.37,0.6,0.61,0.72,2.4,16.13,1.49,2.92,0.51,0.6608,2.2,0.30060800000000004,0.525,0.87,0.604485
311,Keldon Johnson,SAS,F,27.83,18.07,2.39,1.05,5.06,6.109999999999999,0.82,0.29,1.49,2.12,32.39,4.13,8.05,0.5132,2.1616,5.63,0.38393600000000006,2.5305000000000004,3.22,0.78666
312,Stanley Johnson,UTA,F,15.0,5.63,2.03,0.63,2.51,3.1399999999999997,0.88,0.31,0.93,1.96,15.94,1.72,3.45,0.4979,0.9296000000000001,2.53,0.36680000000000007,1.3965,1.74,0.8031450000000001
313,Nikola Jokic,DEN,C,50.47,24.63,8.47,2.42,9.39,11.81,1.43,0.73,3.66,2.52,32.79,7.8,13.57,0.575,1.6464,4.45,0.37016000000000004,3.3180000000000005,3.89,0.85218
314,Damian Jones,LAL,C,15.68,9.08,1.01,1.4,3.04,4.4399999999999995,0.44,0.65,0.93,2.1,16.44,2.47,4.18,0.5906,0.30240000000000006,1.08,0.28022400000000003,1.6905000000000001,2.16,0.7809900000000001
315,Tre Jones,SAS,G,20.16,8.57,5.39,0.41,2.47,2.8800000000000003,0.67,0.13,0.99,1.64,21.78,2.87,6.01,0.4774,0.3808000000000001,1.49,0.25524800000000003,1.4070000000000003,1.82,0.7723800000000001
316,Tyus Jones,MEM,G,16.22,5.96,3.41,0.26,1.88,2.1399999999999997,0.85,0.12,0.72,1.04,21.31,1.71,3.58,0.4772,1.0752000000000002,2.83,0.3802400000000001,0.735,0.86,0.85911
317,Derrick Jones Jr.,CHI,F,13.92,6.06,0.76,0.99,2.84,3.83,0.5,0.76,0.66,2.12,17.43,2.09,3.86,0.5415,0.6272000000000001,1.84,0.34081600000000006,0.8714999999999999,1.19,0.73479
318,DeAndre Jordan,DEN,C,11.85,4.35,0.62,1.71,3.08,4.79,0.3,0.72,0.7,1.3,13.23,1.66,2.83,0.5869,0.033600000000000005,0.36,0.092624,0.6405,1.16,0.55272
319,Cory Joseph,DET,G,16.05,7.51,3.25,0.43,2.24,2.6700000000000004,0.65,0.26,1.14,1.93,24.0,1.59,3.33,0.4778,0.7952,2.06,0.3859520000000001,0.987,1.15,0.85953
320,Mfiondu Kabengele,BOS,C,6.76,3.33,0.5,0.39,1.28,1.67,0.31,0.28,0.56,0.88,7.19,0.47,0.95,0.4949,0.5824,1.7,0.341712,0.6930000000000001,0.86,0.809655
321,Frank Kaminsky,ATL,F,14.77,6.89,0.85,0.93,2.59,3.52,0.72,0.49,0.57,1.42,19.05,3.29,6.42,0.5127,0.6608,1.71,0.386064,1.3335000000000001,1.76,0.756735
322,Luke Kennard,LAC,G,17.55,9.18,1.69,0.29,2.62,2.91,0.64,0.12,0.77,1.31,26.07,1.39,2.88,0.482,2.4640000000000004,6.01,0.41025600000000007,1.008,1.17,0.86016
323,Maxi Kleber,DAL,F,15.99,4.53,1.07,0.93,3.82,4.75,0.43,0.82,0.63,1.77,22.78,0.94,1.85,0.5072,1.5344000000000002,4.09,0.37497600000000003,0.8505000000000001,1.09,0.777105
324,Nathan Knight,MIN,F,9.76,5.43,0.69,0.93,2.22,3.1500000000000004,0.3,0.23,0.56,0.94,18.09,1.4,2.76,0.5075,0.21280000000000002,0.64,0.3332,1.4489999999999998,1.83,0.791175
325,John Konchar,MEM,G,13.24,5.03,1.52,0.88,2.63,3.51,0.63,0.31,0.64,1.41,19.98,1.16,2.17,0.5344,0.7168000000000001,1.87,0.38259200000000004,0.609,0.85,0.7187250000000001
326,Furkan Korkmaz,PHI,G,15.54,10.45,2.01,0.29,1.94,2.23,0.56,0.17,0.77,1.02,19.73,1.73,3.53,0.4905,1.2432000000000003,3.32,0.37475200000000003,1.029,1.34,0.77007
327,Luke Kornet,BOS,C,7.57,3.42,0.55,0.88,1.57,2.45,0.27,0.35,0.47,0.72,10.94,0.99,1.9,0.5224,0.22400000000000003,0.72,0.309568,0.5880000000000001,0.96,0.6134100000000001
328,Kyle Kuzma,WAS,F,29.41,14.44,3.55,1.09,7.01,8.1,0.61,0.7,2.48,1.93,30.58,3.93,7.57,0.519,2.184,5.65,0.386288,2.1105,2.78,0.7594650000000001
329,Zach LaVine,CHI,G,34.13,24.46,4.73,0.51,4.1,4.609999999999999,0.73,0.3,3.0,1.85,34.51,5.84,11.11,0.5256,3.0912,7.84,0.39412800000000003,4.809,5.59,0.86079
330,Romeo Langford,SAS,G,9.96,3.77,0.95,0.72,2.14,2.8600000000000003,0.47,0.3,0.82,1.25,18.3,1.62,3.26,0.4966,0.6608,1.86,0.3559360000000001,0.9660000000000001,1.32,0.7329
331,Jake Layman,BOS,F,5.92,3.15,0.5,0.24,0.97,1.21,0.35,0.23,0.54,0.79,10.03,0.67,1.22,0.5496,0.4592,1.3,0.35436800000000007,0.5145,0.8,0.644805
332,Caris LeVert,CLE,G,25.35,15.37,3.98,0.64,2.73,3.37,0.99,0.43,1.71,2.16,30.93,3.7,7.58,0.4882,1.6688,4.52,0.36960000000000004,2.4465000000000003,2.97,0.8233050000000001
333,Damion Lee,PHX,G,12.58,5.32,1.41,0.44,2.63,3.07,0.53,0.11,0.58,1.73,18.91,1.72,3.26,0.5275,0.8848000000000001,2.29,0.3864,1.0815000000000001,1.29,0.8415750000000001
334,Saben Lee,DET,G,16.64,5.22,4.08,0.44,1.83,2.27,0.79,0.27,0.87,1.32,15.07,1.94,4.02,0.4831,0.6608,2.05,0.322896,1.7010000000000003,2.25,0.755055
335,Alex Len,SAC,C,13.76,5.97,1.09,1.44,2.97,4.41,0.33,0.74,0.78,2.06,10.51,2.03,3.78,0.5365,0.32480000000000003,1.15,0.282352,1.008,1.5,0.67326
336,Kawhi Leonard,LAC,F,41.11,24.49,5.22,1.06,5.96,7.02,1.54,0.48,2.16,1.7,30.1,6.86,13.43,0.5107,2.184,5.48,0.398608,4.851,5.55,0.874545
337,Kira Lewis Jr.,NOP,G,12.5,5.84,2.18,0.41,1.81,2.22,0.6,0.18,0.94,1.26,9.84,2.25,4.73,0.4761,0.7056000000000001,2.09,0.33734400000000003,0.8295000000000001,0.99,0.83811
338,Damian Lillard,POR,G,37.59,27.79,5.06,0.42,3.61,4.03,0.63,0.31,2.69,1.33,34.11,4.52,9.67,0.4673,4.4016,11.29,0.38987200000000005,5.974500000000001,6.8,0.878955
339,Nassir Little,POR,F,19.9,9.86,1.35,1.15,4.58,5.73,0.62,0.56,0.93,1.98,24.38,2.18,4.29,0.5077,1.288,3.4,0.378784,1.4175000000000002,1.77,0.8024100000000001
340,Kevon Looney,GSW,F,17.34,4.31,1.87,1.84,5.07,6.91,0.58,0.53,0.75,2.51,16.59,2.58,4.82,0.5355,0.08960000000000001,0.66,0.13496,1.0710000000000002,1.68,0.63714
341,Brook Lopez,MIL,C,19.13,10.66,0.54,0.94,3.2,4.140000000000001,0.53,0.92,0.82,2.17,21.82,3.33,6.3,0.5286,1.624,4.19,0.38763200000000003,1.533,1.81,0.84672
342,Robin Lopez,CLE,C,12.53,6.63,1.22,1.35,2.23,3.58,0.33,0.53,0.94,1.97,16.41,2.66,4.97,0.5357,0.168,0.52,0.32468800000000003,0.8400000000000001,1.18,0.7123200000000001
343,Kevin Love,CLE,F,21.97,12.09,1.87,0.91,4.46,5.37,0.53,0.21,1.1,1.04,21.63,1.49,3.04,0.49,2.4976000000000003,6.4,0.39054400000000006,1.8165,2.13,0.8526000000000001
344,Kyle Lowry,MIA,G,30.49,11.68,7.74,0.56,3.46,4.02,0.88,0.26,2.06,2.5,30.98,1.63,3.17,0.5141,2.4416,6.23,0.3922240000000001,1.7115,1.98,0.8643600000000001
345,Trey Lyles,SAC,F,15.13,6.96,1.05,0.81,3.4,4.21,0.44,0.35,0.77,1.52,21.39,2.15,4.1,0.5238,1.1984000000000001,3.22,0.372176,2.2470000000000003,2.96,0.75978
346,Theo Maledon,OKC,G,14.85,6.89,2.82,0.49,1.65,2.1399999999999997,0.7,0.25,1.6,1.82,20.88,2.42,5.29,0.4571,1.3776000000000002,3.71,0.37139200000000006,1.8165,2.43,0.74907
347,Terance Mann,LAC,G,20.73,10.23,2.31,1.07,4.08,5.15,0.68,0.29,0.82,2.08,23.25,2.58,5.11,0.5047,1.2208,3.15,0.38696,1.2705,1.54,0.8243550000000001
348,Boban Marjanovic,HOU,C,5.73,2.59,0.33,0.72,1.29,2.01,0.22,0.21,0.52,0.77,14.28,1.32,2.42,0.5464,0.15680000000000002,0.45,0.345744,0.525,0.75,0.701085
349,Lauri Markkanen,UTA,F,24.53,12.93,1.52,0.75,5.28,6.03,0.7,0.46,0.91,2.08,26.08,3.37,6.38,0.5282,2.128,5.4,0.39390400000000003,2.1525,2.5,0.862365
350,Naji Marshall,NOP,F,11.96,4.4,1.5,0.58,2.62,3.2,0.67,0.2,0.82,1.36,16.44,1.33,2.69,0.4943,0.6832,2.18,0.31281600000000004,1.7745,2.44,0.7287
351,Caleb Martin,MIA,F,16.04,8.92,0.95,0.93,3.21,4.14,0.73,0.42,0.76,1.83,25.33,1.72,3.33,0.516,0.9296000000000001,2.41,0.386288,1.0710000000000002,1.42,0.755895
352,Cody Martin,CHA,F,18.18,9.35,2.13,1.01,2.61,3.62,0.95,0.42,1.0,2.06,25.5,1.98,3.88,0.5097,1.0080000000000002,2.66,0.379456,0.9660000000000001,1.34,0.7205100000000001
353,Kenyon Martin Jr.,HOU,F,16.52,7.47,1.39,0.89,3.32,4.21,0.65,0.66,0.91,1.54,20.67,3.0,5.66,0.5305,0.6608,1.73,0.38124800000000003,1.218,1.71,0.71253
354,Garrison Mathews,HOU,G,17.98,7.28,1.44,0.42,2.87,3.29,0.85,0.35,0.64,2.41,25.79,1.16,2.24,0.5187,2.2288,5.7,0.391328,2.4885,3.04,0.818475
355,Wesley Matthews,MIL,G,10.48,5.02,1.31,0.39,1.37,1.7600000000000002,0.52,0.25,0.37,1.35,19.24,0.57,1.16,0.4922,0.784,2.03,0.386624,0.48300000000000004,0.6,0.80682
356,Tyrese Maxey,PHI,G,28.13,17.81,4.73,0.38,2.81,3.19,0.7,0.36,1.26,1.94,31.44,3.4,6.7,0.5073,1.9824000000000002,5.05,0.39256,2.2785,2.65,0.86121
357,CJ McCollum,NOP,G,33.82,22.68,4.71,0.74,3.33,4.07,0.95,0.38,1.96,1.97,33.64,4.89,9.53,0.5131,3.1808,8.21,0.38740800000000003,2.205,2.72,0.81144
358,T.J. McConnell,IND,G,20.77,6.4,5.09,0.65,2.52,3.17,1.11,0.36,1.13,1.71,21.68,2.46,4.74,0.5189,0.4592,1.45,0.3170720000000001,0.5670000000000001,0.73,0.77826
359,Jaden McDaniels,MIN,F,20.21,10.91,1.06,1.02,3.89,4.91,0.7,0.8,1.07,2.86,25.88,2.49,4.83,0.515,1.6016000000000001,4.15,0.385728,1.0815000000000001,1.42,0.7636649999999999
360,Jalen McDaniels,CHA,F,13.18,7.85,0.94,0.67,2.47,3.14,0.54,0.39,0.78,1.51,13.38,1.5,2.94,0.5103,0.784,2.07,0.37867200000000006,1.092,1.47,0.7434
361,Doug McDermott,SAS,F,16.0,10.48,1.17,0.5,2.31,2.81,0.38,0.13,0.8,1.41,22.29,2.03,3.97,0.5115,2.1504000000000003,5.41,0.39726400000000006,1.1130000000000002,1.35,0.826665
362,JaVale McGee,DAL,C,15.85,6.25,0.87,1.91,4.24,6.15,0.32,0.9,1.09,2.04,10.75,2.79,4.89,0.5708,0.12320000000000002,0.58,0.21246400000000004,1.2285,1.66,0.73815
363,Rodney McGruder,DET,G,8.52,3.32,0.89,0.48,1.6,2.08,0.39,0.12,0.4,1.1,11.77,0.84,1.62,0.5172,0.7616000000000002,1.94,0.392,0.4935,0.64,0.776475
364,Jordan McLaughlin,MIN,G,15.03,5.69,3.19,0.46,2.06,2.52,0.77,0.18,0.76,1.12,16.62,1.04,2.05,0.5076,0.7056000000000001,2.13,0.33096000000000003,0.798,1.09,0.73311
365,De'Anthony Melton,PHI,G,22.69,9.78,2.31,0.92,3.61,4.53,1.28,0.54,1.45,1.61,23.46,2.12,4.72,0.4488,2.2624000000000004,5.84,0.38763200000000003,1.4489999999999998,1.75,0.82677
366,Sam Merrill,SAC,G,7.49,2.76,0.92,0.24,1.42,1.66,0.35,0.11,0.39,1.14,9.59,0.8,1.67,0.4796,0.784,2.24,0.34988800000000003,0.5355000000000001,0.72,0.7404600000000001
367,Chimezie Metu,SAC,F,16.32,9.32,1.08,0.78,2.93,3.71,0.68,0.49,0.77,1.67,17.33,2.28,4.45,0.5129,0.9408000000000001,2.44,0.38494400000000006,1.302,1.64,0.7927500000000001
368,Khris Middleton,MIL,F,31.4,19.29,4.87,0.58,3.99,4.57,0.98,0.27,2.44,2.2,27.04,4.26,8.71,0.4891,2.6992000000000003,6.88,0.39256,3.7800000000000002,4.32,0.8757
369,Patty Mills,BKN,G,16.59,8.83,2.23,0.23,1.6,1.83,0.55,0.16,0.89,0.9,23.74,1.13,2.37,0.4769,2.5872,6.51,0.39737600000000006,0.672,0.79,0.8538600000000001
370,Shake Milton,PHI,G,15.84,9.18,2.4,0.45,1.85,2.3000000000000003,0.51,0.29,0.89,1.59,19.72,2.26,4.82,0.469,1.1760000000000002,3.07,0.382928,1.1760000000000002,1.38,0.8496600000000001
371,Donovan Mitchell,CLE,G,38.52,25.98,5.89,0.8,3.58,4.38,1.28,0.26,2.73,2.28,33.7,5.85,11.78,0.4968,3.2816000000000005,8.45,0.38841600000000004,4.3785,5.11,0.85743
372,Malik Monk,SAC,G,22.17,13.8,2.66,0.44,2.54,2.98,0.85,0.34,1.46,1.72,24.96,3.14,6.29,0.4992,2.24,5.73,0.39088,1.554,1.83,0.847875
373,Ja Morant,MEM,G,38.93,26.54,6.81,1.29,4.65,5.94,1.02,0.36,3.41,1.56,32.19,6.87,13.29,0.5169,1.7584000000000002,4.62,0.3802400000000001,6.2475000000000005,7.95,0.7860300000000001
374,Markieff Morris,BKN,F,10.93,7.23,1.08,0.62,1.74,2.36,0.41,0.18,0.83,1.71,15.76,1.61,3.17,0.5073,0.7616000000000002,2.01,0.37800000000000006,0.525,0.72,0.72492
375,Monte Morris,WAS,G,23.81,14.19,4.3,0.41,2.39,2.8000000000000003,0.71,0.21,1.13,1.31,28.26,3.35,6.57,0.5101,1.6016000000000001,4.06,0.39424000000000003,1.1340000000000001,1.32,0.86184
376,Dejounte Murray,ATL,G,41.92,19.45,8.27,1.05,6.5,7.55,1.72,0.31,2.44,2.07,30.12,6.07,12.39,0.49,1.5792000000000002,4.15,0.3808000000000001,2.8140000000000005,3.34,0.8422050000000001
377,Jamal Murray,DEN,G,31.23,21.91,3.63,0.82,3.64,4.46,1.04,0.33,2.09,1.86,32.64,5.7,11.05,0.5158,2.5424,6.45,0.39390400000000003,2.205,2.54,0.8688750000000001
378,Mike Muscala,OKC,F,14.06,6.79,0.63,0.43,2.59,3.02,0.4,0.44,0.4,1.28,10.38,1.34,2.56,0.5244,1.7024000000000001,4.23,0.40241600000000005,1.0185,1.2,0.8517600000000001
379,Svi Mykhailiuk,NYK,G,9.85,5.26,1.0,0.43,1.49,1.92,0.55,0.17,0.69,0.84,13.56,1.05,2.16,0.4866,0.8848000000000001,2.42,0.366352,0.7140000000000001,0.94,0.7606200000000001
380,Larry Nance Jr.,NOP,F,15.56,4.96,1.63,1.22,3.38,4.6,0.96,0.37,0.8,1.91,25.67,1.76,3.45,0.5103,0.5264,1.39,0.379568,0.9345000000000001,1.3,0.7183050000000001
381,Aaron Nesmith,IND,G,8.79,4.1,0.74,0.42,1.49,1.91,0.42,0.18,0.68,1.4,10.03,0.89,1.7,0.522,1.0528,2.83,0.372624,0.7244999999999999,0.89,0.80976
382,Raul Neto,CLE,G,15.97,7.38,3.11,0.31,2.31,2.62,0.79,0.1,1.1,1.51,21.5,1.97,3.84,0.5127,0.7952,2.07,0.384048,1.2915,1.6,0.8095500000000001
383,Georges Niang,PHI,F,13.23,6.7,1.16,0.36,1.9,2.26,0.43,0.17,0.77,2.17,20.1,0.92,1.86,0.4947,2.1728,5.38,0.404208,0.6825000000000001,0.82,0.83244
384,Zeke Nnaji,DEN,F,13.87,6.41,0.61,1.07,3.5,4.57,0.45,0.3,0.66,1.86,16.91,1.68,3.18,0.5288,1.064,2.81,0.378336,1.0710000000000002,1.46,0.733635
385,Nerlens Noel,DET,C,15.12,2.6,0.89,2.07,3.9,5.97,0.88,0.94,0.7,2.66,10.74,1.06,1.99,0.5327,0.022400000000000003,0.16,0.14078400000000002,0.798,1.21,0.659085
386,Jaylen Nowell,MIN,G,17.67,10.38,2.35,0.46,2.18,2.64,0.55,0.24,0.74,1.38,20.45,2.21,4.29,0.5148,1.3776000000000002,3.55,0.38752000000000003,1.6695000000000002,2.02,0.8283450000000001
387,Frank Ntilikina,DAL,G,10.66,6.34,1.43,0.26,1.32,1.58,0.49,0.13,0.64,1.16,12.63,1.44,3.11,0.4623,0.8736000000000002,2.38,0.366352,1.1235000000000002,1.51,0.746025
388,Kendrick Nunn,LAL,G,21.8,13.79,2.59,0.42,2.32,2.7399999999999998,0.86,0.28,1.49,2.0,28.44,3.45,6.65,0.5185,2.3408,5.98,0.391328,1.008,1.17,0.86373
389,Jusuf Nurkic,POR,C,31.89,14.56,3.14,2.67,8.68,11.35,0.94,0.81,2.47,3.42,27.15,5.63,10.97,0.5131,0.5040000000000001,1.56,0.3232320000000001,3.6435000000000004,4.94,0.7375200000000001
390,David Nwaba,HOU,G,13.76,6.43,1.15,0.8,2.48,3.2800000000000002,0.55,0.57,0.48,1.69,14.59,2.19,4.13,0.5308,0.44800000000000006,1.34,0.33544,1.0395,1.42,0.73143
391,Royce O'Neale,BKN,F,18.06,6.14,2.04,0.8,3.23,4.03,0.95,0.37,0.96,2.0,30.71,1.13,2.12,0.5318,1.848,4.68,0.39446400000000004,0.5775000000000001,0.73,0.7873950000000001
392,Chuma Okeke,ORL,F,19.73,6.11,1.87,0.71,3.77,4.48,1.27,0.53,0.83,1.43,22.74,1.57,3.4,0.4618,1.7024000000000001,4.42,0.38539200000000007,0.9765000000000001,1.19,0.8233050000000001
393,Josh Okogie,PHX,G,9.28,4.05,0.89,0.7,1.58,2.2800000000000002,0.53,0.29,0.57,1.89,14.67,1.14,2.34,0.4865,0.5376000000000001,1.69,0.31808000000000003,0.7244999999999999,1.05,0.692895
394,Onyeka Okongwu,ATL,F,17.57,8.25,0.73,2.4,3.04,5.4399999999999995,0.61,1.08,0.9,2.51,14.0,3.09,5.31,0.5818,0.06720000000000001,0.36,0.185584,1.2705,1.75,0.7258650000000001
395,Isaac Okoro,CLE,F,18.05,10.09,1.77,1.01,2.67,3.6799999999999997,0.9,0.32,1.04,2.17,20.86,2.49,4.88,0.51,1.0528,2.78,0.379344,1.9949999999999999,2.53,0.787815
396,KZ Okpala,SAC,F,8.12,3.71,0.58,0.56,1.68,2.24,0.31,0.28,0.48,1.46,11.15,1.04,2.16,0.4807,0.7168000000000001,2.26,0.317744,0.651,1.0,0.6517350000000001
397,Victor Oladipo,MIA,G,19.3,8.58,3.34,0.44,2.7,3.14,0.72,0.22,1.69,1.82,21.37,2.34,4.71,0.4967,2.0496000000000003,5.3,0.3864,2.1734999999999998,2.73,0.7953749999999999
398,Kelly Olynyk,DET,F,19.24,8.92,2.6,1.06,2.81,3.87,0.79,0.48,1.21,2.45,22.04,1.86,3.52,0.528,1.2544000000000002,3.26,0.384608,1.6380000000000001,1.99,0.822885
399,Cedi Osman,CLE,F,18.77,11.48,1.95,0.44,2.38,2.82,0.77,0.23,1.12,1.78,21.28,2.17,4.36,0.4973,2.1952000000000003,5.81,0.377888,1.2915,1.74,0.742665
400,Kelly Oubre Jr.,CHA,F,21.89,13.83,1.04,0.91,2.86,3.77,0.86,0.57,1.07,2.38,26.04,3.11,6.03,0.5156,2.576,6.98,0.3689280000000001,1.785,2.51,0.711795
401,Eric Paschall,MIN,F,11.7,7.29,0.74,0.55,2.12,2.67,0.3,0.18,0.71,1.35,19.93,2.5,4.79,0.5219,1.0304000000000002,2.71,0.3797920000000001,1.5435,2.04,0.755055
402,Chris Paul,PHX,G,36.4,14.62,9.68,0.41,3.45,3.8600000000000003,1.59,0.27,2.11,2.08,25.0,4.68,9.01,0.5192,1.1312000000000002,2.93,0.385616,2.058,2.41,0.8529150000000001
403,Cameron Payne,PHX,G,20.22,8.44,5.05,0.38,2.47,2.85,0.66,0.25,1.66,1.8,18.58,2.29,4.8,0.4768,1.2320000000000002,3.15,0.39166400000000007,1.1130000000000002,1.3,0.853755
404,Gary Payton II,POR,G,14.07,4.8,0.98,0.77,2.63,3.4,1.04,0.28,0.63,1.74,18.47,2.3,3.98,0.5785,0.8736000000000002,2.3,0.379456,0.546,0.74,0.7397250000000001
405,Theo Pinson,DAL,G,10.54,5.13,1.29,0.36,1.01,1.37,0.37,0.12,0.41,1.3,11.76,2.22,4.28,0.5188,1.2656,3.38,0.374304,1.1655000000000002,1.87,0.6223350000000001
406,Mason Plumlee,CHA,F,20.55,6.7,3.04,2.01,4.75,6.76,0.7,0.76,1.41,2.95,21.29,2.52,4.34,0.58,0.022400000000000003,0.33,0.06854400000000001,1.0395,1.63,0.63966
407,Jakob Poeltl,SAS,C,30.2,13.88,2.9,3.61,5.43,9.04,0.71,1.61,1.73,2.85,25.72,5.47,9.53,0.5737,0.022400000000000003,0.11,0.21056000000000002,1.848,3.14,0.58821
408,Aleksej Pokusevski,OKC,F,21.12,10.36,3.22,1.07,3.59,4.66,0.68,0.8,1.73,1.43,17.75,2.12,4.56,0.4653,1.0416,2.8,0.371616,1.3965,1.81,0.76944
409,Jordan Poole,GSW,G,27.44,15.38,4.41,0.41,3.32,3.73,0.83,0.28,2.43,2.46,26.12,3.42,6.6,0.5183,2.9792000000000005,7.63,0.39032,3.5595000000000003,4.1,0.86877
410,Kevin Porter Jr.,HOU,G,32.0,18.37,6.72,0.69,3.7,4.390000000000001,1.01,0.38,2.87,2.42,29.49,2.68,5.82,0.4605,2.5984000000000003,6.76,0.38427200000000006,1.9320000000000002,2.62,0.7364700000000001
411,Michael Porter Jr.,DEN,F,22.2,13.2,2.03,1.01,3.9,4.91,0.87,0.41,0.77,1.1,23.05,3.33,6.96,0.4784,1.2320000000000002,3.61,0.341712,1.1760000000000002,1.6,0.735
412,Otto Porter Jr.,TOR,F,20.31,8.78,1.55,1.3,4.35,5.6499999999999995,0.87,0.41,0.73,1.49,22.78,1.79,3.51,0.5093,1.4560000000000002,3.75,0.38841600000000004,0.756,0.89,0.849975
413,Bobby Portis,MIL,F,26.08,12.79,1.27,2.32,5.92,8.24,0.7,0.64,1.26,1.99,26.64,3.31,6.51,0.5082,2.1056,5.34,0.39401600000000003,1.05,1.34,0.785085
414,Kristaps Porzingis,WAS,F,33.62,18.68,1.96,1.85,6.49,8.34,0.65,1.34,1.44,2.64,28.02,5.7,11.14,0.5115,1.8928,4.88,0.38763200000000003,3.948,4.55,0.8675100000000001
415,Dwight Powell,DAL,F,16.18,6.8,1.22,1.72,3.17,4.89,0.49,0.53,0.68,2.63,17.1,3.25,5.52,0.5891,0.26880000000000004,0.8,0.33700800000000003,1.764,2.16,0.8180550000000001
416,Norman Powell,LAC,G,24.52,16.76,1.8,0.47,2.84,3.3099999999999996,0.98,0.41,1.5,2.07,31.23,2.75,5.67,0.4853,2.7216000000000005,6.81,0.399728,4.095,4.81,0.85113
417,Taurean Prince,MIN,F,14.59,8.58,0.93,0.42,2.53,2.9499999999999997,0.66,0.28,0.84,1.76,22.06,1.65,3.35,0.4928,1.4896000000000003,3.81,0.390768,1.1760000000000002,1.46,0.8064
418,Payton Pritchard,BOS,G,12.75,5.77,1.98,0.41,1.52,1.93,0.59,0.13,0.65,1.26,14.14,0.66,1.45,0.4543,1.3216,3.25,0.40689600000000004,0.6930000000000001,0.83,0.833385
419,Immanuel Quickley,NYK,G,20.85,12.84,3.42,0.41,2.44,2.85,0.71,0.17,1.19,2.0,21.35,2.39,5.32,0.4494,1.4784000000000002,3.76,0.393344,2.3100000000000005,2.66,0.86709
420,Julius Randle,NYK,F,34.67,20.67,4.59,1.62,8.12,9.739999999999998,0.77,0.46,2.8,2.64,34.69,5.77,12.6,0.4579,1.1984000000000001,3.16,0.379344,4.168500000000001,5.07,0.822885
421,Cam Reddish,NYK,F,15.49,9.67,1.1,0.55,1.91,2.46,0.86,0.28,0.84,2.01,16.07,2.3,5.16,0.4455,1.3552000000000002,3.57,0.379568,2.0685000000000002,2.4,0.8602650000000001
422,Davon Reed,DEN,G,10.67,4.32,1.28,0.32,2.35,2.67,0.41,0.16,0.51,1.4,21.88,1.29,2.56,0.5047,0.8736000000000002,2.35,0.371168,0.5355000000000001,0.85,0.633255
423,Paul Reed,PHI,F,12.81,4.68,0.54,1.38,3.49,4.87,0.72,0.4,0.53,1.41,12.23,1.78,3.29,0.5408,0.2016,0.71,0.28280000000000005,0.5984999999999999,1.1,0.5450550000000001
424,Naz Reid,MIN,C,18.64,10.2,1.25,1.31,3.04,4.35,0.52,0.85,1.0,2.26,13.11,2.35,4.4,0.5344,1.1312000000000002,2.93,0.3859520000000001,1.9110000000000003,2.49,0.767655
425,Nick Richards,CHA,C,9.01,4.74,0.5,0.98,1.78,2.76,0.3,0.61,0.58,1.3,8.47,1.45,2.56,0.5671,0.05600000000000001,0.79,0.070896,1.008,1.61,0.6259049999999999
426,Josh Richardson,SAS,G,18.64,11.67,1.94,0.62,1.79,2.41,0.91,0.37,1.38,1.93,25.75,2.33,4.98,0.4675,1.9824000000000002,5.13,0.386736,1.7325,2.0,0.86499
427,Austin Rivers,MIN,G,12.02,4.07,2.02,0.28,1.76,2.04,0.72,0.11,0.74,1.69,25.67,1.07,2.08,0.5139,1.12,2.9,0.386736,0.5880000000000001,0.78,0.7546350000000001
428,Duncan Robinson,MIA,F,15.84,6.8,1.38,0.3,2.45,2.75,0.51,0.19,0.77,2.14,25.4,1.12,2.07,0.5398,2.8000000000000003,7.11,0.39356800000000003,0.8295000000000001,1.0,0.8262450000000001
429,Jerome Robinson,GSW,G,10.59,3.83,1.3,0.3,2.02,2.32,0.67,0.32,0.86,1.34,11.19,1.05,2.42,0.4332,0.9744,2.71,0.359744,0.5355000000000001,0.84,0.6384
430,Mitchell Robinson,NYK,C,25.09,10.4,0.99,3.84,5.26,9.1,0.84,1.46,0.88,2.62,16.9,3.07,5.28,0.5813,0.022400000000000003,0.34,0.06540800000000001,0.9765000000000001,1.71,0.56973
431,Isaiah Roby,SAS,F,21.12,12.41,1.52,1.63,3.51,5.14,0.83,0.63,1.11,2.33,25.32,2.76,5.51,0.501,1.1536000000000002,3.2,0.360864,1.6380000000000001,2.24,0.730485
432,Derrick Rose,NYK,G,18.6,8.05,3.3,0.64,2.16,2.8000000000000003,0.76,0.46,1.29,0.95,21.01,2.98,6.26,0.4764,1.2768,3.26,0.39110400000000006,1.092,1.26,0.86814
433,Terrence Ross,ORL,G,13.78,7.69,1.49,0.28,2.08,2.3600000000000003,0.61,0.25,1.13,1.39,22.72,2.4,5.22,0.4597,1.3664,3.52,0.38864,1.7429999999999999,2.09,0.8346450000000001
434,Terry Rozier,CHA,G,32.14,17.97,4.58,0.74,3.34,4.08,1.24,0.31,1.35,1.92,31.9,3.72,7.24,0.5137,3.0576000000000003,8.12,0.37643200000000004,1.9215000000000002,2.23,0.8602650000000001
435,Ricky Rubio,CLE,G,21.58,11.62,4.22,0.41,2.11,2.52,1.08,0.16,1.51,1.66,24.77,2.09,4.75,0.4399,1.5344000000000002,4.06,0.377888,1.8375000000000001,2.13,0.864465
436,D'Angelo Russell,MIN,G,31.62,17.66,6.37,0.44,3.06,3.5,0.97,0.3,2.36,1.81,30.51,3.23,6.9,0.4684,2.856,7.37,0.38752000000000003,3.2235,3.92,0.821415
437,Domantas Sabonis,SAC,F,37.99,19.12,5.6,2.89,7.81,10.7,0.98,0.39,2.76,3.23,33.23,6.11,10.73,0.5694,0.8400000000000001,2.34,0.35851200000000005,4.3469999999999995,5.56,0.7820400000000001
438,Dario Saric,PHX,F,16.19,9.15,1.27,0.81,3.17,3.98,0.61,0.18,0.89,2.0,25.9,2.1,4.0,0.5248,1.288,3.35,0.384608,1.1760000000000002,1.37,0.85743
439,Admiral Schofield,ORL,F,8.63,5.02,0.72,0.37,1.73,2.1,0.32,0.13,0.57,1.18,14.98,1.0,1.97,0.5068,0.7728,2.05,0.37688000000000005,0.756,1.12,0.6737850000000001
440,Dennis Schroder,LAL,G,22.96,11.06,4.98,0.45,2.93,3.3800000000000003,0.87,0.18,2.04,2.15,26.75,3.36,7.23,0.4646,1.5456,4.0,0.386064,2.1315,2.47,0.86226
441,Collin Sexton,UTA,G,23.01,18.28,2.71,1.0,2.56,3.56,0.99,0.2,2.67,2.05,28.65,5.4,10.52,0.5134,1.5120000000000002,4.2,0.359744,2.6145000000000005,3.17,0.8250900000000001
442,Landry Shamet,PHX,G,15.14,8.23,1.83,0.25,1.74,1.99,0.52,0.17,0.72,1.49,20.21,1.59,3.46,0.4599,1.9936000000000003,5.13,0.38852800000000004,1.2285,1.43,0.858375
443,Pascal Siakam,TOR,F,37.53,22.74,4.84,1.73,6.52,8.25,1.08,0.61,2.51,2.98,35.35,7.02,13.64,0.5147,1.3216,3.49,0.379008,4.0845,4.98,0.82068
444,Chris Silva,ATL,F,6.75,3.64,0.53,1.1,1.27,2.37,0.26,0.28,0.66,1.36,6.85,0.74,1.39,0.5325,0.07840000000000001,0.37,0.21112000000000003,0.9135,1.32,0.69006
445,Ben Simmons,BKN,G,30.0,9.95,6.09,1.69,5.59,7.279999999999999,1.63,0.57,3.03,2.94,31.95,6.36,11.81,0.5387,0.168,0.64,0.26163200000000003,3.528,5.42,0.651
446,Anfernee Simons,POR,G,23.64,13.08,3.89,0.4,2.28,2.6799999999999997,0.57,0.13,1.88,1.99,27.44,2.75,5.98,0.4597,3.5616000000000003,8.9,0.40017600000000003,1.6590000000000003,1.92,0.8625750000000001
447,Deividas Sirvydis,IND,F,9.31,2.61,0.69,0.32,2.01,2.3299999999999996,0.59,0.32,0.68,1.1,8.57,0.97,2.11,0.46,1.3216,4.0,0.33062400000000003,0.5565000000000001,1.01,0.548625
448,Marcus Smart,BOS,G,26.2,10.04,5.08,0.63,3.22,3.85,1.58,0.31,2.08,2.34,31.66,2.8,5.46,0.5129,1.9488,5.1,0.38248000000000004,1.4909999999999999,1.81,0.821835
449,Ish Smith,DEN,G,13.5,5.88,3.21,0.39,1.59,1.98,0.54,0.34,1.11,1.36,14.25,2.23,4.93,0.4521,0.5040000000000001,1.44,0.34944000000000003,0.378,0.59,0.63546
450,Jalen Smith,IND,F,17.69,9.83,0.75,1.61,3.6,5.21,0.4,0.66,0.9,1.76,17.83,2.61,5.05,0.517,1.064,2.8,0.3802400000000001,1.6695000000000002,2.14,0.77973
451,Lamar Stevens,CLE,F,11.66,7.2,0.91,0.58,2.26,2.84,0.49,0.29,0.76,1.82,16.93,1.68,3.35,0.5014,0.5824,1.72,0.33790400000000004,1.1969999999999998,1.57,0.7637700000000001
452,Isaiah Stewart,DET,F,20.8,8.99,1.26,2.61,4.88,7.49,0.44,1.06,1.18,2.47,22.7,3.38,6.4,0.5282,0.36960000000000004,1.14,0.3232320000000001,1.092,1.44,0.7602
453,David Stockton,IND,G,11.17,5.7,1.98,0.25,1.45,1.7,0.48,0.12,0.79,1.1,11.74,1.11,2.01,0.5515,0.9072000000000001,2.46,0.368144,2.289,3.8,0.6023850000000001
454,Max Strus,MIA,G,17.12,8.87,1.91,0.38,2.7,3.08,0.51,0.18,0.79,1.93,26.67,1.27,2.38,0.5335,2.2176,5.63,0.39412800000000003,0.6930000000000001,0.92,0.7500150000000001
455,Edmond Sumner,BKN,G,12.21,7.27,1.33,0.37,2.05,2.42,0.6,0.22,0.8,1.71,18.9,1.55,3.01,0.5157,0.6608,1.77,0.374192,1.47,2.03,0.7223999999999999
456,Jae'Sean Tate,HOU,F,25.25,12.04,3.8,1.93,3.99,5.92,0.97,0.47,1.69,2.94,22.28,3.43,6.43,0.5337,0.9072000000000001,2.42,0.37475200000000003,1.9215000000000002,2.53,0.759045
457,Jayson Tatum,BOS,F,40.87,26.77,4.64,1.01,6.71,7.72,0.99,0.55,2.85,2.17,35.1,6.28,12.15,0.5167,3.136,8.1,0.38718400000000003,4.851,5.59,0.86835
458,Garrett Temple,NOP,G,11.82,4.65,1.72,0.39,1.61,2.0,0.56,0.35,0.58,1.37,18.72,1.15,2.41,0.4781,0.9520000000000001,2.6,0.36556800000000006,0.525,0.66,0.790125
459,Daniel Theis,IND,F,14.83,7.17,0.96,1.11,2.79,3.9000000000000004,0.45,0.71,0.83,2.24,17.16,2.14,4.0,0.5352,0.8512000000000001,2.33,0.364784,1.029,1.37,0.748755
460,Klay Thompson,GSW,G,28.55,20.05,2.39,0.46,3.04,3.5,0.61,0.48,1.09,1.71,25.08,3.97,8.3,0.4784,3.8192000000000004,9.81,0.3892,1.1550000000000002,1.34,0.86184
461,Matisse Thybulle,PHI,G,17.82,5.98,1.57,0.58,2.05,2.63,1.39,1.0,0.64,1.91,22.49,1.72,3.27,0.526,1.0416,2.78,0.37475200000000003,0.5355000000000001,0.73,0.73689
462,Killian Tillie,MEM,F,9.32,5.13,0.83,0.46,0.8,1.26,0.59,0.38,0.5,1.19,11.22,0.62,1.44,0.431,0.8400000000000001,2.39,0.35089600000000004,0.5984999999999999,0.85,0.70539
463,Xavier Tillman Sr.,MEM,F,12.15,5.3,1.19,1.17,2.16,3.33,0.69,0.32,0.75,1.71,14.36,1.93,3.77,0.5123,0.41440000000000005,1.43,0.29008000000000006,1.2285,1.88,0.653835
464,Obi Toppin,NYK,F,15.55,8.67,1.14,0.93,3.25,4.18,0.39,0.45,0.86,1.43,19.89,2.83,5.32,0.5322,0.784,2.15,0.36523200000000006,1.4280000000000002,1.81,0.7885500000000001
465,Juan Toscano-Anderson,LAL,F,11.17,2.05,1.88,0.48,2.47,2.95,0.75,0.25,0.85,2.02,16.56,0.97,1.8,0.5388,0.6272000000000001,1.92,0.32603200000000004,0.651,0.95,0.6822900000000001
466,Karl-Anthony Towns,MIN,C,38.84,24.71,3.36,2.46,7.03,9.49,0.86,1.0,3.05,3.3,32.89,7.06,13.62,0.5182,2.2512,5.87,0.38326400000000005,4.357500000000001,5.11,0.8529150000000001
467,Gary Trent Jr.,TOR,G,26.92,17.98,1.92,0.47,2.79,3.26,1.51,0.27,1.21,1.83,30.85,3.34,7.38,0.4523,2.968,7.62,0.38931200000000005,3.0345000000000004,3.55,0.8554350000000001
468,P.J. Tucker,PHI,F,14.55,6.07,1.83,1.04,2.22,3.2600000000000002,0.7,0.24,0.81,1.79,23.19,1.59,3.06,0.5191,1.0864,2.81,0.38696,0.47250000000000003,0.6,0.7860300000000001
469,Myles Turner,IND,C,28.1,12.01,1.43,1.62,5.41,7.03,0.72,2.13,1.31,2.77,29.56,2.55,4.93,0.5171,1.7136000000000002,4.47,0.38360000000000005,1.596,1.99,0.800415
470,Jonas Valanciunas,NOP,C,32.96,16.81,2.35,2.79,8.56,11.350000000000001,0.61,0.83,1.76,3.04,28.88,5.88,10.97,0.5358,0.8176000000000001,2.11,0.3870720000000001,3.087,3.77,0.8180550000000001
471,Denzel Valentine,BOS,G,8.56,2.41,0.7,0.37,2.0,2.37,0.39,0.11,0.49,1.11,11.6,0.77,1.6,0.4806,1.2992000000000001,3.58,0.36276800000000003,0.34650000000000003,0.52,0.66759
472,Fred VanVleet,TOR,G,39.84,19.8,6.64,0.65,3.97,4.62,1.69,0.58,2.57,2.43,37.04,3.67,8.07,0.4545,4.2224,10.8,0.39099200000000006,3.3390000000000004,3.83,0.872655
473,Jarred Vanderbilt,UTA,F,20.19,5.01,1.19,2.62,5.72,8.34,1.07,0.73,1.24,2.28,18.05,3.14,5.45,0.5763,0.15680000000000002,0.63,0.24841600000000003,1.3860000000000001,2.1,0.660765
474,Devin Vassell,SAS,G,23.49,13.88,1.68,0.58,3.72,4.3,0.99,0.52,1.2,1.91,27.92,2.9,6.13,0.4727,2.4416,6.3,0.38774400000000003,1.4175000000000002,1.66,0.853755
475,Gabe Vincent,MIA,G,14.64,8.87,1.9,0.29,1.32,1.61,0.83,0.17,1.2,2.22,26.64,1.42,3.02,0.4705,1.7472000000000003,4.53,0.38550400000000007,0.7875000000000001,0.92,0.8582700000000001
476,Noah Vonleh,BOS,F,7.48,4.23,0.65,0.73,1.29,2.02,0.34,0.17,0.54,1.02,8.59,0.57,1.07,0.5304,0.6832,2.18,0.313488,0.504,1.19,0.42220500000000005
477,Nikola Vucevic,CHI,C,33.93,16.05,3.18,1.76,7.92,9.68,0.87,0.85,1.54,2.22,28.56,5.32,10.45,0.5092,1.8032000000000004,4.67,0.386064,1.2075,1.47,0.82026
478,Dean Wade,CLE,F,11.25,5.35,1.08,0.57,1.84,2.41,0.6,0.19,0.64,1.83,19.79,0.98,1.84,0.5313,1.0192,2.67,0.38180800000000004,0.7244999999999999,1.01,0.72072
479,Moritz Wagner,ORL,F,14.45,8.17,1.29,0.64,2.6,3.24,0.47,0.25,0.87,1.92,18.28,1.54,3.09,0.4977,1.2432000000000003,3.33,0.3735200000000001,1.9425000000000001,2.28,0.850185
480,Kemba Walker,DET,G,19.29,10.36,2.62,0.39,1.95,2.34,0.75,0.2,1.13,1.02,24.56,2.07,4.35,0.4756,2.408,6.13,0.39256,1.6800000000000002,1.96,0.8560650000000001
481,Lonnie Walker IV,LAL,G,17.62,11.77,1.77,0.29,2.02,2.31,0.67,0.28,0.87,1.47,18.91,2.64,5.53,0.4772,1.6576000000000002,4.32,0.38393600000000006,1.7010000000000003,2.04,0.83307
482,John Wall,LAC,G,30.75,16.07,7.23,0.42,2.62,3.04,1.23,0.66,3.39,1.69,26.15,5.54,11.66,0.4751,1.7360000000000002,4.6,0.37744000000000005,3.9270000000000005,5.1,0.7703850000000001
483,T.J. Warren,BKN,F,18.8,15.84,1.24,0.78,2.54,3.3200000000000003,0.62,0.24,0.89,1.88,26.73,5.15,9.83,0.524,0.56,1.72,0.32558400000000004,1.47,1.74,0.84273
484,P.J. Washington,CHA,F,22.93,10.12,2.38,1.11,4.28,5.390000000000001,0.94,0.85,1.54,2.45,26.55,1.98,3.91,0.5064,1.7248,4.42,0.39009600000000005,1.0710000000000002,1.37,0.78015
485,Yuta Watanabe,BKN,G,9.88,4.28,0.89,0.62,2.16,2.7800000000000002,0.37,0.34,0.61,0.97,15.32,1.19,2.44,0.4887,0.6048000000000001,1.57,0.385616,0.6194999999999999,0.88,0.70581
486,Quinndary Weatherspoon,GSW,G,7.32,4.11,1.04,0.23,1.15,1.38,0.33,0.13,0.5,1.48,8.43,1.13,2.28,0.4962,0.24640000000000004,0.76,0.32491200000000003,1.1864999999999999,1.47,0.80745
487,Russell Westbrook,LAL,G,33.61,17.23,7.41,1.07,6.27,7.34,1.02,0.35,3.56,2.54,33.02,5.27,11.3,0.4662,1.2656,3.38,0.374416,2.8875,4.18,0.69153
488,Coby White,CHI,G,22.65,12.6,3.51,0.4,2.79,3.19,0.58,0.24,1.11,2.05,28.85,2.42,5.18,0.4672,2.3632,6.02,0.3926720000000001,1.4280000000000002,1.65,0.8646750000000001
489,Derrick White,BOS,G,26.21,13.49,3.98,0.44,2.97,3.41,0.83,0.73,1.33,2.17,27.96,3.3,6.43,0.5134,2.0048000000000004,5.13,0.39043200000000006,2.1105,2.46,0.85743
490,Andrew Wiggins,GSW,F,26.74,17.65,2.0,1.02,3.71,4.73,0.91,0.7,1.5,2.21,29.25,4.61,8.95,0.5151,2.2624000000000004,5.8,0.390208,1.554,2.19,0.709275
491,Brandon Williams,POR,G,15.07,6.43,3.18,0.67,1.59,2.2600000000000002,0.83,0.39,2.03,1.28,16.42,1.74,3.88,0.448,1.1984000000000001,3.47,0.34540800000000005,2.688,3.59,0.74802
492,Grant Williams,BOS,F,17.1,6.84,1.27,0.79,3.96,4.75,0.5,0.57,0.79,1.84,16.55,1.07,2.1,0.5092,1.6576000000000002,4.18,0.39614400000000005,1.1025,1.48,0.7437150000000001
493,Kenrich Williams,OKC,G,16.95,7.39,2.17,1.37,3.17,4.54,0.78,0.23,0.77,1.83,17.18,1.22,2.31,0.5289,0.8400000000000001,2.39,0.35212800000000005,0.9135,1.47,0.6219150000000001
494,Patrick Williams,CHI,F,16.76,8.96,0.86,0.97,3.42,4.39,0.58,0.55,0.99,1.61,21.04,2.44,4.67,0.5225,1.2768,3.45,0.37016000000000004,1.512,1.92,0.78561
495,Robert Williams III,BOS,C,27.64,8.65,2.02,3.49,4.93,8.42,0.86,1.93,0.82,2.18,24.14,3.93,6.54,0.6011,0.022400000000000003,0.34,0.06596800000000001,1.26,1.74,0.72282
496,Zion Williamson,NOP,F,34.2,22.43,4.17,2.43,5.54,7.970000000000001,0.92,0.53,2.77,2.28,31.27,7.92,13.85,0.5717,0.42560000000000003,1.27,0.334432,6.069000000000001,8.26,0.734475
497,D.J. Wilson,TOR,F,16.29,10.59,1.34,0.46,2.61,3.07,0.84,0.38,0.59,1.34,14.96,3.05,5.69,0.5356,0.32480000000000003,1.08,0.30139200000000005,1.3650000000000002,1.81,0.7547400000000001
498,Dylan Windler,CLE,G,10.15,4.22,1.58,0.4,1.58,1.98,0.45,0.25,0.53,0.9,10.37,0.82,1.55,0.5274,0.6048000000000001,1.83,0.33073600000000003,0.735,0.9,0.8125950000000001
499,Justise Winslow,POR,F,14.43,5.54,1.89,0.86,3.19,4.05,0.63,0.45,0.81,1.44,17.64,1.59,3.36,0.4734,0.5488000000000001,1.94,0.283024,0.777,1.15,0.6738900000000001
500,Christian Wood,DAL,F,33.01,17.64,2.2,1.57,7.83,9.4,0.81,0.87,1.65,2.37,27.74,3.32,6.21,0.5347,2.4864000000000006,6.39,0.3892,3.2340000000000004,4.72,0.684915
501,Delon Wright,WAS,G,16.52,5.53,2.92,0.65,2.41,3.06,1.14,0.26,0.86,1.13,18.59,1.27,2.46,0.5161,0.6496000000000001,1.71,0.3808000000000001,0.798,0.97,0.823515
502,Thaddeus Young,TOR,F,14.9,3.48,2.3,1.3,2.98,4.28,0.84,0.31,0.8,1.8,11.84,2.3,4.32,0.5318,0.3808000000000001,1.23,0.310464,0.651,1.08,0.601755
503,Trae Young,ATL,G,41.41,26.99,8.35,0.63,3.11,3.7399999999999998,0.9,0.19,3.8,1.78,34.63,5.8,11.3,0.5131,3.7072000000000003,9.46,0.391776,6.6885,7.64,0.875595
504,Ivica Zubac,LAC,C,21.65,8.71,1.33,2.88,5.05,7.93,0.51,1.06,1.25,2.55,22.5,4.38,7.56,0.5792,0.1008,1.42,0.070896,2.2470000000000003,2.75,0.8179500000000001
