,Player_Name,Player_Team,Player_Position,PPG,APG,ORB,DRB,TRB,STL,BLK,TO,PF,MPG,2FGM,2FGA,2FG%,3FGM,3FGA,3FG%,FTM,FTA,FT%,ESPN,Yahoo,SportsDataIO,Fantasy
0,Paolo Banchero,ORL,F,13.61,1.94,1.23,4.21,5.4399999999999995,0.68,0.43,2.16,1.72,28.21,4.74,6.38,0.74,1.18,3.44,0.34,1.7,3.46,0.49,18.569999999999997,22.000999999999994,24.217999999999996,21.6
1,Chet Holmgren,OKC,C,11.84,1.51,1.37,4.99,6.36,0.69,0.99,1.85,2.6,30.13,4.48,7.54,0.59,0.91,1.94,0.47,1.7,2.26,0.75,20.500000000000004,23.679000000000002,24.796999999999997,22.99
2,Jabari Smith Jr.,HOU,F,13.34,1.56,0.7,3.74,4.44,0.67,0.4,1.64,2.22,28.95,4.53,8.03,0.56,1.47,3.32,0.44,2.81,3.8,0.74,17.030000000000005,21.642500000000002,24.448,21.04
3,Keegan Murray,SAC,F,10.39,0.73,1.62,3.79,5.41,0.72,0.58,1.38,2.1,24.96,3.58,6.74,0.53,0.95,2.09,0.45,2.04,3.33,0.61,15.06,18.859,20.857000000000003,18.26
4,Jaden Ivey,DET,G,10.43,2.26,0.86,3.4,4.26,0.68,0.3,2.05,1.67,27.56,3.02,6.65,0.45,1.35,3.41,0.4,1.96,2.67,0.73,13.979999999999995,18.8155,20.462,17.75
5,Bennedict Mathurin,IND,G,6.59,2.34,0.82,3.01,3.8299999999999996,0.69,0.27,1.48,1.52,25.06,3.24,4.01,0.81,1.54,3.43,0.45,1.52,2.63,0.58,13.749999999999996,19.239499999999996,21.165999999999997,18.05
6,Dyson Daniels,NOP,G,10.09,4.09,0.78,2.74,3.5200000000000005,1.02,0.23,2.1,2.03,22.84,2.48,4.71,0.53,1.08,1.69,0.64,1.0,1.55,0.65,20.280000000000005,21.812500000000004,19.958999999999996,20.68
7,Jeremy Sochan,SAS,F,8.08,0.95,0.7,2.76,3.46,0.67,0.29,1.01,2.11,28.62,3.55,6.02,0.59,0.44,1.58,0.28,1.1,1.67,0.66,11.52,13.727500000000001,16.007,13.75
8,Johnny Davis,WAS,G,6.1,1.15,0.61,2.81,3.42,0.61,0.22,0.89,1.7,24.09,1.49,5.98,0.25,0.73,2.42,0.3,1.09,1.09,1.0,7.909999999999999,12.092500000000001,12.859,10.95
9,Ousmane Dieng,OKC,F,8.11,1.21,0.67,2.08,2.75,0.54,0.23,1.03,1.79,20.3,1.97,3.19,0.62,1.11,2.78,0.4,1.02,1.0,1.02,12.54,14.8435,13.915000000000001,13.77
10,Jalen Williams,OKC,G,11.18,2.14,0.42,2.74,3.16,0.6,0.22,1.62,2.07,20.64,1.84,4.37,0.42,0.45,2.08,0.22,1.02,1.02,1.0,14.949999999999998,14.822500000000003,13.072,14.28
11,Jalen Duren,DET,C,7.16,0.63,1.57,2.39,3.96,0.54,0.95,0.8,2.26,15.45,2.52,5.11,0.49,0.07,0.07,1.0,0.84,1.22,0.69,13.840000000000002,14.044,13.966999999999999,13.95
12,Ochai Agbaji,UTA,G,3.3,0.68,0.48,1.63,2.11,0.41,0.2,0.76,1.2,11.61,1.53,2.07,0.74,0.89,2.53,0.35,0.81,0.78,1.04,6.43,9.73,10.552000000000001,8.9
13,Mark Williams,CHA,C,4.32,0.56,1.04,1.88,2.92,0.33,1.05,0.69,1.55,12.03,2.06,2.55,0.81,0.07,0.17,0.41,0.66,1.08,0.61,11.560000000000002,11.386000000000003,11.404,11.45
14,AJ Griffin,ATL,F,3.61,0.79,0.56,1.45,2.01,0.33,0.34,0.67,0.83,13.68,1.49,1.34,1.11,0.64,2.19,0.29,0.6,0.74,0.81,7.640000000000001,9.576499999999998,9.767,8.99
15,Tari Eason,HOU,F,4.4,0.7,1.21,2.76,3.9699999999999998,0.61,0.41,0.94,1.67,22.33,1.99,3.68,0.54,0.34,0.91,0.37,1.35,0.88,1.53,10.52,12.709500000000002,13.264,12.16
16,Dalen Terry,CHI,F,3.54,1.22,0.65,1.55,2.2,0.47,0.19,0.78,1.29,17.47,1.25,2.89,0.43,0.35,0.94,0.37,0.64,0.75,0.85,7.27,8.934,9.200000000000001,8.47
17,Malaki Branham,SAS,F,4.76,0.93,0.47,2.19,2.66,0.45,0.21,0.81,1.15,17.17,1.69,2.59,0.65,0.32,1.08,0.3,1.04,1.24,0.84,8.760000000000002,10.0185,10.476999999999999,9.75
18,Christian Braun,DEN,G,5.0,0.85,0.34,1.39,1.73,0.4,0.21,0.66,1.17,13.02,1.21,3.32,0.36,0.85,2.81,0.3,0.78,0.85,0.92,6.26,9.299000000000001,9.661000000000001,8.41
19,Walker Kessler,UTA,C,3.7,0.49,1.19,2.44,3.63,0.39,0.9,0.76,1.67,9.92,1.4,2.47,0.57,0.15,0.81,0.19,0.78,0.9,0.87,10.25,11.254000000000001,10.940999999999999,10.82
20,David Roddy,MEM,F,3.27,0.98,0.63,0.99,1.62,0.4,0.34,0.66,1.22,15.51,1.25,2.23,0.56,0.34,0.77,0.44,0.61,0.66,0.92,7.369999999999999,8.299999999999999,8.364,8.01
21,Blake Wesley,SAS,G,3.23,0.91,0.38,1.09,1.4700000000000002,0.38,0.16,0.66,0.88,12.92,1.13,3.53,0.32,0.69,1.82,0.38,1.01,0.9,1.12,4.63,7.7575,8.889,7.09
22,Wendell Moore Jr.,MIN,G,2.94,0.89,0.32,1.72,2.04,0.39,0.19,0.83,1.1,14.6,1.05,2.57,0.41,0.34,1.24,0.27,0.74,0.86,0.86,5.220000000000001,7.1805,7.972999999999999,6.79
23,Nikola Jovic,MIA,F,3.58,0.46,0.55,1.37,1.9200000000000002,0.3,0.3,0.44,1.12,11.87,0.81,1.51,0.54,0.62,2.12,0.29,0.44,0.73,0.6,6.070000000000001,8.059,7.674,7.27
24,Patrick Baldwin Jr.,GSW,F,4.23,0.56,0.39,0.87,1.26,0.36,0.26,0.51,1.02,13.11,1.08,1.72,0.63,0.47,1.35,0.35,0.41,0.51,0.8,6.92,7.5710000000000015,7.062,7.18
25,TyTy Washington Jr.,HOU,G,5.58,2.16,0.37,1.76,2.13,0.4,0.18,0.92,1.12,18.82,0.89,2.42,0.37,0.45,2.0,0.22,0.75,0.72,1.04,9.91,11.116,9.916,10.31
26,Peyton Watson,DEN,G,2.85,0.48,0.46,1.29,1.75,0.34,0.23,0.49,1.07,8.01,0.97,1.68,0.58,0.16,0.95,0.17,0.48,0.71,0.68,5.290000000000001,6.114000000000001,6.369999999999999,5.92
27,Andrew Nembhard,IND,G,5.08,3.07,0.35,1.48,1.83,0.36,0.15,1.09,1.04,15.92,1.08,2.6,0.42,0.68,1.82,0.37,0.62,0.67,0.93,10.879999999999999,12.7035,11.551,11.71
28,Caleb Houstan,ORL,G,3.48,0.63,0.32,1.71,2.03,0.33,0.13,0.61,0.96,11.33,0.79,1.94,0.41,0.98,2.26,0.43,0.44,0.82,0.54,5.560000000000001,8.85,8.651,7.69
29,Christian Koloko,TOR,C,2.55,0.31,0.93,1.3,2.23,0.27,0.45,0.47,1.22,9.1,1.0,2.44,0.41,0.06,0.19,0.32,0.54,0.65,0.83,5.720000000000001,6.568999999999999,6.831,6.37
30,Jaylin Williams,OKC,F,5.34,0.56,0.67,1.87,2.54,0.33,0.27,0.78,1.26,7.08,2.11,1.85,1.14,0.79,2.66,0.3,0.87,1.4,0.62,8.489999999999998,10.9005,11.767999999999999,10.39
31,Max Christie,LAL,G,2.51,0.65,0.41,1.5,1.91,0.29,0.14,0.45,0.99,8.7,0.87,1.96,0.44,0.61,1.92,0.32,0.54,0.9,0.6,4.389999999999999,7.238999999999999,7.787,6.47
32,Jaden Hardy,DAL,G,4.42,1.69,0.4,1.38,1.7799999999999998,0.36,0.16,1.08,1.35,8.86,1.0,1.91,0.52,0.7,2.17,0.32,0.55,0.86,0.64,7.51,9.528999999999998,9.281,8.77
33,Kennedy Chandler,MEM,G,3.17,1.92,0.52,0.72,1.24,0.5,0.14,0.87,0.75,11.34,0.87,1.53,0.57,0.4,1.16,0.34,0.48,0.64,0.75,7.890000000000001,8.724499999999999,8.198,8.27
34,Bryce McGowens,CHA,G,4.14,0.52,0.37,0.95,1.3199999999999998,0.28,0.16,0.54,1.19,11.64,1.3,2.86,0.45,0.54,1.29,0.42,0.86,1.04,0.83,5.2299999999999995,7.0024999999999995,7.784000000000002,6.67
35,Trevor Keels,NYK,G,3.36,1.23,0.35,1.06,1.4100000000000001,0.33,0.13,0.57,1.03,9.76,0.86,2.32,0.37,0.6,1.51,0.4,0.43,0.58,0.74,6.010000000000001,8.026499999999999,7.836999999999998,7.29
36,Moussa Diabate,LAC,F,2.01,0.36,0.75,1.47,2.2199999999999998,0.27,0.32,0.44,1.03,5.87,1.03,1.96,0.53,0.06,0.22,0.27,0.38,0.61,0.62,5.17,6.156499999999999,6.563999999999999,5.96
37,Ryan Rollins,GSW,G,7.17,1.24,0.37,1.28,1.65,0.5,0.16,0.63,1.71,17.09,1.11,2.64,0.42,0.46,1.18,0.39,0.48,0.51,0.94,10.860000000000003,10.5885,8.61,10.02
38,Josh Minott,MIN,F,3.45,0.49,0.72,0.93,1.65,0.4,0.2,0.42,1.16,15.16,1.02,1.76,0.58,0.09,0.71,0.13,0.67,0.65,1.03,6.39,6.591000000000001,6.4750000000000005,6.49
39,Vince Williams Jr.,MEM,G,3.31,0.98,0.38,0.65,1.03,0.37,0.21,0.39,1.03,5.96,0.87,1.44,0.6,0.32,0.68,0.47,0.43,0.59,0.73,7.069999999999999,7.3035000000000005,6.606000000000001,6.99
40,Kendall Brown,IND,G,4.65,0.7,0.63,0.97,1.6,0.37,0.24,0.38,0.71,7.69,0.93,1.97,0.47,0.17,0.99,0.17,0.55,0.85,0.65,7.340000000000002,7.3855,6.7299999999999995,7.15
41,Isaiah Mobley,CLE,F,3.1,0.71,0.76,0.8,1.56,0.31,0.25,0.4,0.7,8.36,0.7,1.46,0.48,0.42,1.03,0.41,0.47,0.85,0.55,6.19,7.281999999999999,6.787,6.75
42,Tyrese Martin,ATL,G,2.04,0.5,0.46,0.76,1.22,0.34,0.17,0.39,0.68,8.88,0.69,1.8,0.38,0.43,1.13,0.38,0.41,0.57,0.72,3.9799999999999995,5.674,5.924,5.19
43,JD Davison,BOS,G,2.6,2.42,0.4,0.97,1.37,0.42,0.15,0.68,1.01,11.26,0.8,1.64,0.49,0.47,1.17,0.4,0.48,0.54,0.89,8.600000000000001,10.035499999999999,9.224,9.29
44,Jabari Walker,POR,F,3.42,0.55,0.53,1.6,2.13,0.32,0.2,0.38,0.9,13.38,1.15,1.79,0.64,0.46,1.85,0.25,0.52,0.67,0.78,6.25,8.174499999999998,8.240999999999998,7.56
45,Shaedon Sharpe,POR,G,4.9226086956521735,1.4565217391304344,0.46956521739130436,1.6091304347826085,2.078695652173913,0.4508695652173912,0.18913043478260871,0.8756521739130435,1.216521739130435,14.243478260869562,1.3052173913043479,2.8660869565217393,0.468695652173913,0.647391304347826,1.811304347826087,0.3526086956521739,0.7578260869565218,0.9717391304347825,0.8078260869565217,8.43173913043478,10.480065217391301,10.393999999999998,9.77
46,Shaedon Sharpe,POR,G,4.9226086956521735,1.4565217391304348,0.4695652173913043,1.6091304347826085,2.078695652173913,0.4508695652173913,0.1891304347826087,0.8756521739130435,1.2165217391304348,14.243478260869566,1.3052173913043479,2.866086956521739,0.468695652173913,0.647391304347826,1.8113043478260868,0.3526086956521739,0.7578260869565216,0.9717391304347824,0.8078260869565218,8.43173913043478,10.480065217391303,10.394,9.77
47,Santi Aldama,MEM,F,5.51,0.87,1.14,2.09,3.2299999999999995,0.32,0.39,0.58,1.42,13.01,1.99,3.58,0.56,0.43,1.39,0.31,0.98,1.47,0.67,9.549999999999999,11.661,12.270999999999999,11.16
48,Jose Alvarado,NOP,G,5.92,2.97,0.46,1.89,2.35,1.11,0.13,0.83,1.69,12.58,1.99,4.34,0.46,0.66,1.68,0.39,0.82,1.2,0.68,14.420000000000002,16.326000000000004,15.705,15.48
49,Joel Ayayi,ORL,G,6.76,1.45,0.35,1.36,1.71,0.33,0.13,0.52,1.3,18.48,1.44,1.69,0.85,0.21,0.91,0.23,0.8,1.42,0.56,10.809999999999999,10.030000000000001,8.937,9.93
50,Dalano Banton,TOR,F,6.65,1.68,0.65,1.75,2.4,0.52,0.24,0.78,1.52,17.95,1.57,2.4,0.65,0.33,2.09,0.16,0.77,1.33,0.58,11.069999999999999,11.647,11.040000000000001,11.25
51,Scottie Barnes,TOR,F,14.07,3.78,2.37,5.11,7.48,1.09,0.65,2.09,2.62,35.12,6.05,10.62,0.57,0.82,2.89,0.28,1.93,3.17,0.61,24.830000000000002,29.658,32.525999999999996,29.0
52,Charles Bassey,PHI,C,3.41,0.48,1.13,2.72,3.85,0.31,0.64,0.59,1.74,8.13,1.4,2.65,0.53,0.23,0.56,0.41,0.88,1.02,0.86,9.35,11.100500000000002,11.02,10.49
53,Leandro Bolmaro,UTA,F,3.82,0.9,0.53,1.85,2.38,0.34,0.24,0.51,0.9,12.92,1.47,2.39,0.62,0.37,1.04,0.36,0.74,1.05,0.7,7.77,9.359,9.646,8.93
54,James Bouknight,CHA,G,5.36,1.34,0.98,0.92,1.9,0.43,0.16,0.62,1.45,9.39,1.57,3.03,0.52,0.55,1.79,0.31,1.29,1.4,0.92,8.8,10.581000000000001,10.93,10.1
55,Greg Brown III,POR,F,5.48,0.83,1.26,2.59,3.8499999999999996,0.49,0.48,0.75,1.92,14.6,1.45,3.54,0.41,0.59,2.27,0.26,0.97,1.69,0.57,9.47,12.482999999999999,12.694999999999997,11.55
56,Jared Butler,UTA,G,7.45,2.77,0.3,1.3,1.6,0.49,0.26,0.88,1.12,14.47,1.56,2.9,0.54,0.75,2.09,0.36,0.8,1.05,0.76,13.65,14.482000000000001,12.865,13.67
57,Justin Champagnie,TOR,G,4.19,0.79,1.07,1.43,2.5,0.39,0.16,0.65,1.16,9.02,1.29,2.8,0.46,0.39,1.47,0.27,0.8,1.31,0.61,6.460000000000001,8.520999999999999,9.184999999999999,8.06
58,Josh Christopher,HOU,G,8.42,2.71,0.69,1.76,2.45,0.89,0.24,1.23,1.44,21.98,2.19,4.61,0.48,1.06,3.0,0.35,1.28,1.94,0.66,14.39,17.0655,16.875,16.11
59,Cade Cunningham,DET,G,18.4,5.34,0.96,3.97,4.93,1.08,0.63,3.3,2.83,32.13,3.83,9.85,0.39,1.91,6.44,0.3,2.05,2.01,1.02,25.65,30.486999999999995,29.486,28.54
60,Ayo Dosunmu,CHI,G,10.01,3.42,0.44,2.68,3.12,0.87,0.35,1.35,2.07,25.15,1.86,4.08,0.46,1.21,2.27,0.53,0.88,1.48,0.59,19.48,21.097500000000004,18.193999999999996,19.59
61,Jeff Dowtin,TOR,G,4.85,1.68,1.02,1.13,2.15,0.48,0.15,0.54,1.25,10.03,0.92,2.0,0.46,0.39,1.41,0.28,0.74,1.32,0.56,9.509999999999998,10.515499999999998,9.57,9.87
62,Chris Duarte,IND,G,12.81,2.37,0.7,3.12,3.8200000000000003,0.93,0.21,1.23,1.5,30.76,2.73,6.05,0.45,1.55,3.01,0.51,1.63,2.59,0.63,19.280000000000005,22.3755,20.929,20.86
63,David Duke Jr.,BKN,G,4.62,0.87,1.03,1.78,2.81,0.51,0.27,0.56,1.45,14.55,1.48,3.47,0.43,0.57,2.15,0.27,0.78,1.36,0.57,7.590000000000001,10.475999999999999,11.126999999999997,9.73
64,Kessler Edwards,BKN,F,4.23,0.66,0.9,3.39,4.29,0.59,0.49,0.77,1.73,16.39,1.24,3.18,0.39,1.04,2.86,0.36,0.77,0.91,0.85,9.760000000000002,14.339500000000001,13.898,12.67
65,Marcus Garrett,MIA,G,3.62,1.05,1.08,1.06,2.14,0.44,0.34,0.45,1.78,8.82,0.8,2.11,0.38,0.21,0.86,0.24,0.76,1.17,0.65,7.92,8.745999999999999,8.243,8.3
66,Usman Garuba,HOU,F,4.76,0.92,1.09,2.79,3.88,0.46,0.49,0.5,1.4,15.23,1.29,1.79,0.72,0.53,1.44,0.37,0.93,1.06,0.88,12.27,13.9815,12.536000000000001,12.93
67,Luka Garza,MIN,C,7.34,0.75,1.71,2.72,4.43,0.42,0.28,0.62,1.75,14.03,1.94,3.26,0.6,0.51,1.61,0.32,1.21,1.32,0.92,12.81,14.683499999999999,13.841000000000001,13.78
68,Josh Giddey,OKC,G,12.62,7.0,1.7,6.52,8.219999999999999,0.88,0.41,2.79,1.78,31.97,4.48,7.65,0.59,0.98,4.13,0.24,1.32,1.67,0.79,28.730000000000004,34.0965,33.374,32.07
69,Jordan Goodwin,WAS,G,7.43,0.98,0.4,1.69,2.09,0.46,0.13,0.44,1.78,16.21,1.42,2.85,0.5,0.56,3.19,0.18,0.77,1.0,0.77,9.23,10.661999999999999,10.008,9.97
70,Jalen Green,HOU,G,17.09,3.24,0.46,2.96,3.42,0.85,0.31,1.79,1.63,30.37,3.18,7.67,0.41,1.98,5.4,0.37,3.5,4.55,0.77,21.069999999999993,25.361000000000004,25.294,23.91
71,Quentin Grimes,NYK,G,5.43,1.63,0.39,1.69,2.08,0.65,0.22,0.68,1.4,14.62,1.34,2.57,0.52,1.35,2.1,0.64,0.85,0.91,0.93,12.2,15.151,13.581000000000001,13.64
72,Tyler Hall,DAL,G,4.96,1.37,0.46,1.04,1.5,0.51,0.13,0.73,1.39,11.44,0.94,1.94,0.48,0.34,1.44,0.24,0.78,1.11,0.7,8.209999999999997,8.656500000000001,8.084999999999999,8.32
73,Sam Hauser,BOS,F,3.32,0.53,0.37,0.73,1.1,0.3,0.15,0.44,0.99,14.38,0.86,1.24,0.69,0.81,3.39,0.24,0.77,1.03,0.75,3.9899999999999993,6.854000000000001,7.494999999999999,6.11
74,Malcolm Hill,CHI,F,3.56,0.49,0.61,1.6,2.21,0.37,0.18,0.56,1.81,9.72,0.93,1.46,0.64,0.93,1.35,0.69,0.64,1.16,0.55,7.290000000000002,9.760499999999997,9.216999999999999,8.76
75,Jay Huff,LAL,F,6.75,0.81,0.57,1.83,2.4,0.47,0.37,0.47,1.37,9.96,1.7,2.27,0.75,0.59,3.07,0.19,0.94,1.12,0.84,10.549999999999999,11.932,11.414999999999997,11.3
76,Feron Hunt,NYK,F,5.31,0.86,0.4,1.55,1.9500000000000002,0.42,0.26,0.39,1.0,13.57,0.84,3.4,0.25,0.09,0.48,0.19,0.83,1.11,0.75,7.7799999999999985,8.0115,7.38,7.72
77,Bones Hyland,DEN,G,10.74,3.87,0.32,3.02,3.34,0.7,0.32,1.19,2.18,23.7,1.76,3.75,0.47,1.9,5.47,0.35,1.67,2.24,0.75,19.290000000000003,24.001,21.552999999999997,21.61
78,Isaiah Jackson,IND,F,9.46,0.84,2.0,3.44,5.4399999999999995,0.65,1.33,1.21,2.67,10.4,2.25,5.64,0.4,0.28,0.62,0.45,1.71,1.94,0.88,18.4,18.897999999999996,17.587999999999997,18.3
79,Jalen Johnson,ATL,F,4.55,0.53,0.42,1.81,2.23,0.29,0.3,0.48,1.36,6.21,1.21,2.62,0.46,0.23,1.04,0.22,1.01,1.14,0.89,7.12,8.128,8.290999999999999,7.85
80,Keon Johnson,POR,G,7.9,2.27,0.53,1.59,2.12,0.84,0.31,1.2,1.85,17.16,1.96,3.4,0.58,1.07,2.47,0.43,1.05,1.39,0.76,14.65,16.326,15.229000000000003,15.4
81,Carlik Jones,CHI,G,5.08,1.52,0.27,1.06,1.33,0.38,0.12,0.51,0.95,11.32,0.99,2.02,0.49,0.66,2.39,0.28,1.18,1.45,0.81,8.06,9.793000000000001,9.506,9.12
82,Herbert Jones,NOP,F,10.66,2.17,1.16,2.7,3.8600000000000003,1.47,0.75,1.19,2.67,28.48,2.83,5.46,0.52,0.86,2.31,0.37,1.78,2.65,0.67,21.27,22.306,21.157,21.58
83,Kai Jones,CHA,C,6.98,0.74,0.5,1.33,1.83,0.34,0.41,0.51,1.25,16.19,1.49,2.28,0.65,0.12,0.5,0.24,0.96,1.09,0.88,11.090000000000002,9.8065,8.596,9.83
84,Braxton Key,DET,F,5.74,0.76,0.92,1.94,2.86,0.72,0.71,0.73,2.06,14.19,2.21,4.24,0.52,0.54,2.53,0.21,0.7,1.33,0.53,10.27,12.535999999999998,13.442,12.08
85,Corey Kispert,WAS,F,9.48,0.9,0.71,2.51,3.2199999999999998,0.5,0.38,0.69,1.65,20.73,2.43,2.68,0.91,1.03,3.57,0.29,0.85,1.34,0.63,14.39,16.212500000000002,15.084,15.23
86,Vit Krejci,OKC,G,4.88,2.25,0.55,2.9,3.45,0.64,0.28,0.83,1.8,22.36,1.16,2.32,0.5,1.01,4.09,0.25,0.99,1.59,0.62,11.02,15.328000000000003,14.865,13.74
87,Jonathan Kuminga,GSW,F,8.34,0.95,0.87,3.57,4.4399999999999995,0.52,0.36,1.29,2.17,13.15,1.88,3.81,0.49,0.85,3.24,0.26,1.93,2.04,0.95,12.039999999999997,15.297499999999998,15.463000000000001,14.27
88,Jock Landale,PHX,C,7.61,0.71,0.9,1.74,2.64,0.27,0.3,0.61,1.5,15.89,1.13,3.11,0.36,0.61,1.72,0.35,0.76,1.16,0.66,9.85,10.961500000000001,9.613,10.14
89,Isaiah Livers,DET,F,7.79,0.82,0.71,2.27,2.98,0.58,0.37,0.67,1.76,21.49,1.46,1.94,0.75,1.27,3.68,0.35,0.68,1.09,0.62,12.840000000000002,15.3885,13.446000000000002,13.89
90,Sandro Mamukelashvili,MIL,F,5.09,0.64,1.29,2.12,3.41,0.33,0.29,0.57,1.4,11.57,1.27,2.82,0.45,0.72,1.7,0.42,0.88,1.13,0.78,9.059999999999999,11.808499999999997,11.302000000000001,10.72
91,Tre Mann,OKC,G,12.37,1.7,0.42,1.86,2.2800000000000002,0.74,0.21,1.22,1.73,21.5,2.51,5.35,0.47,1.33,4.32,0.31,1.5,2.12,0.71,14.290000000000001,16.803499999999996,16.476000000000003,15.86
92,Miles McBride,NYK,G,2.92,1.6,0.25,1.09,1.34,0.42,0.13,0.5,0.76,14.3,1.24,2.98,0.42,0.46,1.34,0.34,0.83,1.03,0.81,6.299999999999999,8.5135,9.298,8.04
93,Mac McClung,GSW,G,5.24,0.93,0.37,1.61,1.98,0.46,0.46,0.85,1.52,7.53,1.37,2.22,0.62,0.57,2.03,0.28,0.93,1.58,0.59,8.670000000000002,9.992500000000001,10.141,9.6
94,Davion Mitchell,SAC,G,7.9,2.41,0.41,1.84,2.25,0.73,0.26,1.27,1.71,19.16,2.4,4.29,0.56,1.45,4.63,0.31,0.85,1.32,0.64,12.3,16.621000000000002,17.025,15.32
95,Evan Mobley,CLE,C,14.83,3.04,2.36,6.4,8.76,0.89,1.47,1.78,2.15,32.33,5.17,10.85,0.48,0.43,1.25,0.34,2.12,4.43,0.48,27.169999999999998,30.397499999999997,31.762,29.78
96,Moses Moody,GSW,G,7.92,0.9,0.33,1.42,1.75,0.42,0.23,0.72,1.56,10.28,1.45,2.73,0.53,0.98,3.51,0.28,0.86,1.52,0.57,9.14,11.177000000000001,10.73,10.35
97,Xavier Moon,LAC,G,4.71,2.14,0.27,1.78,2.05,0.71,0.26,0.72,0.91,13.26,1.69,3.96,0.43,0.5,1.58,0.32,0.5,0.99,0.51,10.139999999999999,12.1345,12.27,11.51
98,Trey Murphy III,NOP,F,5.42,0.86,1.03,1.75,2.7800000000000002,0.47,0.24,0.65,1.57,17.88,1.12,2.41,0.46,1.01,2.34,0.43,0.81,1.6,0.51,9.059999999999999,12.0625,11.475999999999999,10.87
99,RJ Nembhard Jr.,CLE,G,3.63,1.19,0.29,1.17,1.46,0.36,0.12,0.46,1.18,9.17,1.02,2.7,0.38,0.25,0.58,0.43,0.93,1.47,0.63,6.17,7.2765,7.757000000000001,7.07
100,Daishen Nix,HOU,G,2.86,2.81,0.36,1.41,1.77,0.69,0.14,1.17,1.2,13.0,1.11,3.67,0.3,0.55,1.69,0.33,1.06,1.66,0.64,7.480000000000002,10.568000000000001,11.758999999999999,9.94
101,Eugene Omoruyi,OKC,F,3.03,1.15,0.53,2.2,2.7300000000000004,0.3,0.18,0.53,1.15,17.9,1.56,2.13,0.73,0.35,1.23,0.28,0.75,1.8,0.42,6.77,9.138,10.350999999999999,8.75
102,Jamorko Pickett,CLE,F,6.16,0.63,0.5,2.12,2.62,0.29,0.54,0.43,1.37,13.41,0.89,1.81,0.49,0.89,2.98,0.3,0.96,1.07,0.9,10.27,12.352,10.729000000000001,11.12
103,Joshua Primo,SAS,G,5.91,2.34,0.54,1.91,2.45,0.54,0.45,1.32,1.59,22.37,1.69,2.97,0.57,0.77,2.95,0.26,1.24,2.09,0.59,10.82,13.418500000000002,14.04,12.76
104,Trevelin Queen,PHI,G,4.72,0.74,0.77,1.41,2.1799999999999997,0.48,0.17,0.73,1.11,12.09,0.97,2.31,0.42,1.41,4.42,0.32,0.91,1.24,0.73,6.249999999999999,11.1615,11.375999999999998,9.6
105,Neemias Queta,SAC,C,3.07,0.44,0.88,1.73,2.61,0.3,0.69,0.61,1.65,8.73,1.37,3.72,0.37,0.03,0.06,0.5,0.77,1.83,0.42,5.89,7.2665,8.761999999999999,7.31
106,Austin Reaves,LAL,G,8.08,1.56,0.67,2.13,2.8,0.55,0.28,0.69,1.75,22.46,1.12,3.6,0.31,1.13,2.66,0.42,1.53,2.31,0.66,12.280000000000005,15.090500000000002,13.83,13.73
107,Jeremiah Robinson-Earl,OKC,F,7.09,1.0,1.31,4.57,5.880000000000001,0.6,0.36,0.76,1.49,22.31,2.56,3.6,0.71,0.87,3.93,0.22,1.28,1.53,0.84,13.81,18.509000000000004,18.726,17.02
108,Olivier Sarr,POR,C,5.69,0.96,1.2,2.55,3.75,0.38,0.61,0.87,2.37,18.63,2.19,2.74,0.8,0.93,2.26,0.41,0.9,1.62,0.56,11.91,14.964999999999998,15.120000000000001,14.0
109,Jordan Schakel,WAS,G,4.93,0.98,0.93,2.01,2.94,0.53,0.13,0.5,2.21,14.11,1.48,2.77,0.53,0.63,1.83,0.34,1.18,1.22,0.97,9.569999999999999,12.010000000000002,11.848,11.14
110,Alperen Sengun,HOU,C,10.03,2.97,2.19,5.02,7.209999999999999,0.89,0.78,1.87,2.65,19.23,3.46,7.14,0.48,0.75,2.55,0.29,2.41,4.01,0.6,19.79,24.542,26.156999999999996,23.5
111,Day'Ron Sharpe,BKN,C,5.21,0.96,1.42,2.74,4.16,0.4,0.57,0.88,2.23,13.99,3.52,5.59,0.63,0.19,0.44,0.43,1.28,1.75,0.73,10.81,13.449000000000003,16.382,13.55
112,Marko Simonovic,CHI,C,3.05,0.68,0.94,1.37,2.31,0.32,0.39,0.48,1.2,13.98,1.01,2.17,0.47,0.38,1.28,0.3,0.57,1.11,0.51,6.38,8.235,8.462,7.69
113,Jericho Sims,NYK,C,3.76,0.59,1.33,2.04,3.37,0.3,0.84,0.49,1.35,11.76,1.06,1.3,0.82,0.01,0.02,0.5,0.45,1.36,0.33,10.739999999999998,10.491,9.318999999999999,10.18
114,Jaden Springer,PHI,G,2.63,0.76,1.13,2.53,3.6599999999999997,0.34,1.13,0.61,1.18,10.7,1.02,2.29,0.45,0.07,0.26,0.27,0.84,0.85,0.99,11.069999999999999,11.87,10.952,11.3
115,Jalen Suggs,ORL,G,9.83,3.86,0.48,3.12,3.6,1.02,0.33,2.12,2.73,22.14,2.41,7.46,0.32,1.48,2.98,0.5,2.89,2.84,1.02,17.29,22.237000000000002,22.839999999999996,20.79
116,Terry Taylor,IND,F,9.64,1.33,2.44,2.04,4.48,0.49,0.26,0.65,1.94,23.65,2.66,6.07,0.44,0.74,2.11,0.35,0.91,1.2,0.76,14.150000000000002,17.099,16.671000000000003,15.97
117,Cam Thomas,BKN,G,8.68,1.75,0.31,1.81,2.12,0.51,0.14,0.88,1.25,20.69,3.58,4.51,0.79,0.96,2.44,0.39,1.58,1.55,1.02,13.720000000000002,15.920000000000003,17.209000000000003,15.62
118,JT Thor,CHA,F,7.15,0.7,0.48,1.36,1.84,0.35,0.48,0.56,1.22,9.06,0.91,2.22,0.41,0.36,1.8,0.2,0.97,0.94,1.03,10.23,9.911000000000001,8.228,9.46
119,Isaiah Todd,WAS,F,4.95,0.64,0.45,2.13,2.58,0.38,0.32,0.48,1.4,15.89,1.35,2.16,0.62,0.56,2.13,0.26,0.76,1.01,0.75,8.579999999999998,10.427,10.116000000000001,9.71
120,Franz Wagner,ORL,F,14.1,3.41,1.08,3.36,4.4399999999999995,0.94,0.44,1.37,1.91,32.07,3.78,8.54,0.44,1.23,3.67,0.34,2.62,2.85,0.92,21.940000000000005,25.618000000000002,25.703,24.42
121,Ish Wainright,PHX,F,3.01,0.43,0.69,1.37,2.06,0.41,0.16,0.46,1.01,9.71,1.05,2.05,0.51,0.46,1.94,0.24,0.36,0.61,0.59,5.02,7.242000000000001,7.637000000000001,6.63
122,Duane Washington Jr.,PHX,G,8.49,2.33,0.29,1.58,1.87,0.56,0.14,1.26,1.4,21.94,1.55,3.64,0.43,1.73,3.53,0.49,1.25,1.41,0.89,12.98,16.726000000000003,15.418999999999999,15.04
123,Lindy Waters III,OKC,F,7.84,1.14,0.31,2.72,3.0300000000000002,0.67,0.27,0.56,1.37,24.5,1.59,2.62,0.61,1.32,5.3,0.25,0.96,1.05,0.91,12.010000000000002,15.923499999999997,14.766,14.23
124,Trendon Watford,POR,F,8.3,1.8,1.28,2.78,4.06,0.51,0.57,1.0,1.95,21.89,2.63,6.99,0.38,0.43,2.08,0.21,1.81,2.17,0.83,12.339999999999998,15.530999999999999,17.092,14.99
125,Joe Wieskamp,SAS,G,4.11,0.8,0.27,1.53,1.8,0.61,0.16,0.65,1.44,14.45,1.06,1.76,0.6,0.77,2.19,0.35,0.79,0.95,0.83,7.780000000000002,9.805000000000001,9.47,9.02
126,Aaron Wiggins,OKC,G,11.38,1.79,0.96,2.92,3.88,0.58,0.22,1.11,1.96,20.96,2.23,4.06,0.55,0.94,2.53,0.37,1.51,1.92,0.79,16.93,18.3645,16.621,17.31
127,Lindell Wigginton,MIL,G,2.41,2.21,0.36,1.42,1.7799999999999998,0.39,0.12,0.67,1.59,12.27,1.26,2.12,0.59,0.54,2.03,0.27,0.88,1.93,0.46,6.450000000000001,9.47,10.821,8.91
128,Ziaire Williams,MEM,F,7.52,0.94,0.45,2.02,2.47,0.61,0.26,0.71,1.65,26.07,2.06,4.0,0.52,1.11,3.82,0.29,0.86,1.45,0.59,9.799999999999999,13.2885,13.714000000000002,12.27
129,James Wiseman,GSW,C,11.91,0.84,1.56,4.89,6.449999999999999,0.5,0.9,1.36,2.84,16.13,3.63,8.4,0.43,0.43,1.58,0.27,1.56,2.28,0.68,16.71,19.499,20.550000000000004,18.92
130,McKinley Wright IV,DAL,G,5.65,0.87,0.33,1.24,1.57,0.48,0.13,0.86,1.04,13.12,1.02,2.19,0.47,0.49,1.25,0.39,1.02,0.99,1.03,8.27,8.7395,8.079,8.36
131,Gabe York,IND,G,3.36,2.83,0.34,1.02,1.36,0.73,0.39,0.58,1.0,10.65,1.16,3.25,0.36,0.65,2.37,0.27,0.87,1.01,0.86,10.4,12.923499999999999,12.676999999999998,12.0
132,Omer Yurtseven,MIA,C,8.35,0.91,1.5,2.92,4.42,0.38,0.47,0.69,1.46,15.54,2.48,3.1,0.8,0.14,0.43,0.33,0.73,1.52,0.48,15.05,14.836500000000001,13.788999999999998,14.56
133,Precious Achiuwa,TOR,F,9.23,0.94,1.86,4.25,6.11,0.48,0.55,1.38,2.18,24.6,3.67,5.95,0.62,0.72,2.15,0.33,1.3,2.46,0.53,14.430000000000001,18.35,20.222000000000005,17.67
134,Steven Adams,MEM,C,5.07,3.07,3.79,4.77,8.559999999999999,0.86,0.71,1.34,2.16,26.4,1.87,4.76,0.39,0.03,0.1,0.3,1.27,2.47,0.51,19.240000000000002,22.7655,21.776999999999997,21.26
135,Bam Adebayo,MIA,C,22.12,3.69,2.13,7.87,10.0,1.31,0.89,2.78,2.85,32.85,7.24,12.95,0.56,0.07,0.16,0.44,5.06,4.85,1.04,37.220000000000006,37.523,38.904999999999994,37.88
136,Nickeil Alexander-Walker,UTA,G,11.38,2.22,0.52,2.25,2.77,0.82,0.43,1.45,1.4,16.28,3.11,4.32,0.72,1.13,4.82,0.23,1.17,1.36,0.86,16.730000000000004,18.802000000000003,18.483999999999998,18.01
137,Grayson Allen,MIL,G,12.14,2.25,0.43,3.1,3.5300000000000002,0.75,0.28,0.84,1.57,25.51,1.45,2.67,0.54,2.27,5.33,0.43,1.01,1.36,0.74,20.250000000000004,24.195,19.551,21.33
138,Jarrett Allen,CLE,C,14.85,1.33,3.31,7.05,10.36,0.76,1.24,1.55,1.97,32.04,5.88,9.84,0.6,0.15,0.33,0.45,3.09,4.1,0.75,27.77,30.4435,32.17700000000001,30.13
139,Kyle Anderson,MIN,F,8.57,2.73,0.95,3.77,4.72,0.98,0.64,1.06,1.69,23.66,2.06,4.68,0.44,0.65,1.81,0.36,0.98,1.32,0.74,19.64,21.294500000000003,18.989000000000004,19.97
140,Giannis Antetokounmpo,MIL,F,26.95,6.45,2.0,9.23,11.23,1.08,1.41,3.5,3.05,29.23,8.76,14.35,0.61,1.19,3.73,0.32,7.11,9.67,0.74,44.540000000000006,48.93149999999999,52.831,48.77
141,Thanasis Antetokounmpo,MIL,F,4.34,0.6,0.84,2.0,2.84,0.32,0.31,0.45,1.58,9.16,1.34,1.7,0.79,0.17,0.46,0.37,0.51,0.91,0.56,9.12,9.495499999999998,8.818000000000001,9.14
142,Cole Anthony,ORL,G,15.22,5.16,0.58,4.59,5.17,0.74,0.29,2.34,2.45,27.27,3.0,7.93,0.38,1.98,5.26,0.38,3.47,3.21,1.08,24.180000000000003,30.141999999999996,29.073999999999998,27.8
143,OG Anunoby,TOR,F,15.51,2.46,1.32,3.77,5.09,1.23,0.63,1.68,2.46,35.33,3.62,6.35,0.57,2.45,6.31,0.39,2.01,2.25,0.89,25.220000000000002,30.575499999999998,28.438000000000006,28.08
144,Deni Avdija,WAS,F,9.08,1.86,0.62,5.21,5.83,0.73,0.46,1.39,2.2,20.72,2.09,4.12,0.51,1.08,3.11,0.35,1.55,2.02,0.77,17.16,20.9865,19.746000000000002,19.3
145,Deandre Ayton,PHX,C,16.69,1.41,2.65,7.8,10.45,0.7,0.88,1.59,2.42,28.26,5.98,11.01,0.54,0.13,0.33,0.39,1.88,2.23,0.84,27.650000000000002,30.004500000000007,30.455000000000002,29.37
146,Udoka Azubuike,UTA,C,5.31,0.52,1.76,3.42,5.18,0.31,0.72,0.63,1.73,13.86,2.18,3.93,0.55,0.02,0.04,0.5,0.76,1.04,0.73,12.360000000000001,13.748499999999998,13.605999999999996,13.24
147,Marvin Bagley III,DET,F,10.83,0.77,2.06,4.69,6.75,0.5,0.41,0.91,2.04,22.21,3.97,7.85,0.51,0.62,1.27,0.49,1.67,2.5,0.67,16.2,20.131,21.635,19.32
148,LaMelo Ball,CHA,G,21.06,7.26,1.29,4.67,5.96,1.55,0.44,2.86,3.13,31.16,4.01,8.96,0.45,2.68,7.76,0.35,3.14,2.34,1.34,37.23,42.831,38.36200000000001,39.47
149,Lonzo Ball,CHI,G,12.71,4.98,0.85,4.01,4.859999999999999,1.49,0.54,1.95,2.02,30.15,1.82,3.24,0.56,2.84,7.29,0.39,0.92,1.03,0.89,28.610000000000007,34.384,28.491999999999997,30.5
150,Mo Bamba,ORL,C,11.43,1.21,2.06,6.52,8.58,0.48,1.43,1.06,2.4,25.48,2.42,3.58,0.68,1.41,3.38,0.42,1.07,1.15,0.93,26.150000000000002,29.750500000000002,25.011000000000003,26.97
151,Desmond Bane,MEM,G,15.46,2.08,0.58,3.42,4.0,1.1,0.41,1.42,2.47,29.9,3.26,5.29,0.62,2.59,6.48,0.4,1.7,2.79,0.61,22.400000000000002,27.511,25.509999999999998,25.14
152,Harrison Barnes,SAC,F,14.1,2.44,0.89,4.34,5.2299999999999995,0.63,0.22,1.32,1.35,31.9,3.38,4.79,0.71,1.8,4.54,0.4,3.07,4.82,0.64,20.869999999999997,25.521499999999996,25.546000000000003,23.98
153,RJ Barrett,NYK,F,20.51,3.35,0.92,4.61,5.53,0.71,0.26,2.15,1.94,34.45,3.17,9.74,0.33,2.04,5.45,0.37,4.14,5.24,0.79,23.279999999999998,28.5645,28.051000000000002,26.63
154,Will Barton,WAS,G,10.07,4.16,0.57,3.6,4.17,0.71,0.43,1.7,1.56,25.99,2.93,5.35,0.55,2.0,5.61,0.36,1.15,1.58,0.73,19.26,25.593,24.834,23.23
155,Keita Bates-Diop,SAS,F,7.04,0.71,0.82,2.73,3.55,0.42,0.22,0.9,1.71,17.45,2.17,2.82,0.77,0.46,1.34,0.34,1.08,1.04,1.04,11.739999999999998,12.822999999999999,12.504999999999997,12.36
156,Nicolas Batum,LAC,G,7.16,1.64,0.56,3.24,3.8000000000000003,0.81,0.49,0.56,1.63,21.43,0.99,1.49,0.66,1.59,3.72,0.43,0.51,0.61,0.84,17.179999999999996,20.398,16.320000000000004,17.97
157,Darius Bazley,OKC,F,10.59,1.56,0.9,5.24,6.140000000000001,0.75,0.84,1.47,1.36,28.39,2.94,5.62,0.52,1.23,4.22,0.29,1.84,2.41,0.76,18.259999999999998,22.9195,22.828,21.34
158,Bradley Beal,WAS,G,22.49,4.84,0.96,3.15,4.109999999999999,1.02,0.4,3.43,2.14,35.77,7.06,15.29,0.46,1.77,5.54,0.32,3.87,4.98,0.78,23.759999999999998,29.3915,34.901999999999994,29.35
159,Malik Beasley,UTA,G,6.87,1.91,0.45,2.41,2.8600000000000003,0.62,0.22,0.86,1.5,24.36,1.81,3.49,0.52,2.61,6.91,0.38,0.85,1.37,0.62,11.3,19.7375,19.416999999999998,16.82
160,Davis Bertans,DAL,F,3.35,0.61,0.27,1.64,1.91,0.36,0.2,0.41,1.46,9.31,0.75,0.8,0.94,1.41,2.97,0.47,0.61,0.73,0.84,7.58,11.376,10.257000000000001,9.74
161,Patrick Beverley,LAL,G,9.06,3.86,0.84,2.66,3.5,0.92,0.68,1.04,2.37,20.46,1.74,2.97,0.59,1.3,3.39,0.38,0.93,1.29,0.72,22.22,24.2605,20.46,22.31
162,Saddiq Bey,DET,F,20.48,3.03,0.99,3.9,4.89,0.93,0.25,1.04,1.75,28.39,3.46,5.6,0.62,2.47,6.25,0.4,2.92,3.41,0.86,30.130000000000003,33.464999999999996,28.982999999999997,30.86
163,Khem Birch,TOR,C,5.41,0.83,2.14,2.69,4.83,0.51,0.61,0.57,1.89,17.37,2.22,3.35,0.66,0.2,0.38,0.53,0.92,1.17,0.79,13.88,15.213999999999999,14.671,14.59
164,Goga Bitadze,IND,C,8.64,1.06,1.36,3.02,4.38,0.47,0.86,0.88,2.14,17.72,2.26,3.98,0.57,0.59,1.61,0.37,1.36,2.04,0.67,15.87,17.1745,16.276,16.44
165,Bismack Biyombo,PHX,C,4.55,0.58,1.57,3.34,4.91,0.3,0.67,0.58,1.84,12.23,1.98,2.96,0.67,0.02,0.05,0.4,0.79,1.2,0.66,11.939999999999998,13.1455,12.931999999999999,12.67
166,Bogdan Bogdanovic,ATL,G,13.75,2.29,0.45,3.24,3.6900000000000004,0.96,0.19,1.06,2.0,29.51,2.53,3.97,0.64,2.55,6.6,0.39,1.24,1.92,0.65,20.88,26.09349999999999,23.053,23.34
167,Bojan Bogdanovic,UTA,F,14.46,2.02,0.77,2.67,3.44,0.54,0.12,1.64,1.53,22.9,3.3,5.96,0.55,2.64,7.06,0.37,2.8,4.32,0.65,15.340000000000002,22.691,24.158,20.73
168,Bol Bol,ORL,C,3.94,0.64,0.45,1.63,2.08,0.36,0.23,0.59,1.42,18.13,1.07,2.01,0.53,0.3,1.39,0.22,0.64,0.94,0.68,6.450000000000001,7.635,7.726000000000001,7.27
169,Devin Booker,PHX,G,26.91,5.56,0.65,4.56,5.21,0.98,0.36,2.53,2.45,33.78,6.88,14.17,0.49,2.39,6.8,0.35,4.71,5.17,0.91,33.769999999999996,39.18599999999999,40.382,37.78
170,Chris Boucher,TOR,F,10.42,0.57,1.89,3.4,5.29,0.52,0.82,0.69,2.28,20.03,2.11,3.67,0.57,1.0,2.77,0.36,1.34,1.9,0.71,17.94,20.052,17.753,18.58
171,Tony Bradley,CHI,C,3.5,0.66,1.09,2.62,3.71,0.29,0.71,0.66,0.94,10.02,1.74,1.89,0.92,0.07,0.39,0.18,0.57,1.09,0.52,10.29,11.061499999999999,11.042,10.8
172,Mikal Bridges,PHX,F,16.18,2.32,0.84,3.14,3.98,1.0,0.6,0.8,1.76,33.66,4.08,7.51,0.54,1.64,5.74,0.29,1.74,1.73,1.01,23.72,27.02,25.476,25.41
173,Oshae Brissett,IND,F,7.46,1.18,1.45,3.72,5.17,0.74,0.58,0.83,1.81,24.16,1.98,4.26,0.46,1.07,3.6,0.3,1.69,2.01,0.84,14.55,19.050499999999996,18.644000000000002,17.41
174,Malcolm Brogdon,BOS,G,15.83,5.54,0.8,4.0,4.8,0.75,0.35,2.04,1.9,30.23,4.31,8.69,0.5,1.77,4.67,0.38,3.49,4.18,0.83,25.83,31.147999999999996,31.650000000000006,29.54
175,Dillon Brooks,MEM,G,16.57,2.89,0.75,2.36,3.11,0.92,0.34,1.43,3.11,26.07,4.91,10.0,0.49,1.52,3.22,0.47,2.6,1.83,1.42,23.139999999999997,25.9185,26.137,25.07
176,Bruce Brown,DEN,G,10.17,2.36,1.22,3.45,4.67,0.96,0.54,0.9,2.06,24.26,2.84,6.13,0.46,0.52,1.6,0.32,1.42,1.65,0.86,19.679999999999996,21.133999999999997,19.904000000000003,20.24
177,Jaylen Brown,BOS,G,25.52,3.45,0.93,5.68,6.609999999999999,1.07,0.36,2.9,2.34,34.31,6.25,10.36,0.6,2.32,7.3,0.32,4.26,4.83,0.88,31.609999999999996,36.285500000000006,36.787,34.89
178,Moses Brown,LAC,C,5.65,0.35,1.08,2.33,3.41,0.35,0.71,0.74,1.43,13.0,2.11,3.09,0.68,0.04,0.14,0.29,0.81,2.16,0.38,10.129999999999999,10.346499999999999,11.147,10.54
179,Sterling Brown,HOU,G,6.15,0.97,0.47,2.25,2.7199999999999998,0.46,0.17,0.57,1.34,15.3,1.16,3.2,0.36,1.17,3.25,0.36,0.51,1.17,0.44,8.579999999999998,12.415,11.748999999999999,10.91
180,Charlie Brown Jr.,PHI,G,3.23,0.97,0.51,1.17,1.68,0.44,0.22,0.55,0.89,12.73,0.92,2.2,0.42,0.41,0.95,0.43,0.59,0.67,0.88,6.899999999999999,8.185,7.901000000000001,7.66
181,Troy Brown Jr.,LAL,G,6.4,1.6,0.55,1.74,2.29,0.44,0.21,0.7,1.27,17.3,1.23,3.82,0.32,1.05,2.7,0.39,0.61,0.89,0.69,9.62,12.823500000000003,11.968000000000002,11.47
182,Jalen Brunson,NYK,G,14.73,4.88,0.44,3.76,4.2,0.76,0.11,1.55,2.05,28.89,3.61,6.94,0.52,1.44,3.54,0.41,1.97,1.96,1.01,25.09,28.089,26.06,26.41
183,Thomas Bryant,LAL,C,9.14,1.03,1.07,2.55,3.62,0.29,0.77,0.81,1.93,12.83,2.47,3.22,0.77,0.7,1.64,0.43,1.7,2.1,0.81,16.049999999999997,16.828,15.938999999999998,16.27
184,Reggie Bullock,DAL,G,7.6,1.47,0.35,2.99,3.3400000000000003,0.59,0.2,0.52,1.6,24.21,1.26,1.68,0.75,2.27,4.95,0.46,0.55,0.94,0.59,14.779999999999998,20.281500000000005,17.153000000000002,17.4
185,Trey Burke,HOU,G,5.97,2.39,0.24,1.08,1.32,0.44,0.1,0.54,1.22,13.2,1.98,3.14,0.63,0.6,1.8,0.33,0.64,1.01,0.63,11.02,12.324499999999999,12.108999999999998,11.82
186,Alec Burks,DET,G,10.48,2.13,0.48,3.16,3.64,0.85,0.25,1.04,2.37,25.65,1.61,3.22,0.5,1.79,4.28,0.42,2.19,2.73,0.8,17.849999999999994,21.717499999999994,19.503,19.69
187,Jimmy Butler,MIA,F,20.04,4.59,1.41,3.88,5.29,1.58,0.39,2.25,1.4,29.54,6.7,12.26,0.55,0.6,1.57,0.38,6.11,6.84,0.89,31.230000000000004,32.401500000000006,36.233000000000004,33.29
188,Bruno Caboclo,BOS,F,2.96,0.62,0.86,2.04,2.9,0.3,0.37,0.49,1.33,14.3,1.17,2.28,0.51,0.4,1.81,0.22,0.43,0.53,0.81,6.58,9.062,9.23,8.29
189,Devontae Cacok,POR,F,5.89,0.37,1.18,2.28,3.46,0.41,0.43,0.54,1.46,8.3,1.17,2.07,0.57,0.02,0.06,0.33,0.45,1.13,0.4,10.77,10.209000000000001,8.697,9.89
190,Kentavious Caldwell-Pope,DEN,G,11.71,1.77,0.45,3.05,3.5,0.95,0.28,1.05,1.76,26.94,2.7,3.65,0.74,2.07,4.23,0.49,1.27,2.19,0.58,19.610000000000003,23.296499999999998,21.144999999999996,21.35
191,Vlatko Cancar,DEN,F,5.02,1.6,0.4,1.98,2.38,0.31,0.2,0.59,1.42,10.61,1.53,2.24,0.68,0.63,1.62,0.39,0.55,1.04,0.53,9.9,11.713,11.186,10.93
192,Devin Cannady,ORL,G,9.51,1.87,0.83,1.19,2.02,0.66,0.46,0.69,1.42,17.79,1.42,1.78,0.8,2.37,4.05,0.59,1.44,0.81,1.78,19.33,22.614,18.169,20.04
193,Clint Capela,ATL,C,11.23,1.27,3.59,7.9,11.49,0.58,1.24,0.78,2.01,25.23,2.93,6.17,0.47,0.04,0.05,0.8,1.17,2.35,0.5,26.59,28.9885,25.703000000000003,27.09
194,Vernon Carey Jr.,WAS,F,3.4,0.48,1.25,2.3,3.55,0.37,0.25,0.53,1.47,8.39,1.49,2.71,0.55,0.08,0.29,0.28,1.09,2.02,0.54,7.049999999999999,8.819999999999999,10.000000000000002,8.62
195,Jevon Carter,MIL,G,4.73,1.83,0.26,1.5,1.76,0.48,0.21,0.54,1.14,14.19,0.88,1.68,0.52,1.15,3.09,0.37,0.6,0.71,0.85,10.13,13.056,11.507000000000001,11.56
196,Wendell Carter Jr.,ORL,C,13.91,3.13,2.19,8.34,10.53,0.68,0.87,1.89,2.63,27.9,3.53,8.2,0.43,1.29,3.57,0.36,2.58,2.9,0.89,27.139999999999997,33.67849999999999,32.051,30.96
197,Alex Caruso,CHI,G,6.54,2.78,0.74,2.56,3.3,1.35,0.38,1.33,1.96,23.67,1.3,3.28,0.4,1.0,2.76,0.36,1.3,1.36,0.96,16.86,19.172,17.159999999999997,17.73
198,Chris Chiozza,BKN,G,2.49,3.61,0.32,1.13,1.45,0.38,0.16,1.1,0.86,13.49,0.76,1.49,0.51,0.59,2.08,0.28,0.38,0.56,0.68,9.309999999999999,11.5335,10.805,10.55
199,Marquese Chriss,HOU,F,4.19,1.05,1.13,2.49,3.62,0.44,0.61,0.75,1.85,15.01,2.39,4.25,0.56,0.33,0.91,0.36,0.67,1.27,0.53,9.9,12.3805,13.709000000000003,12.0
200,Brandon Clarke,MEM,F,7.9,1.32,1.67,3.39,5.0600000000000005,0.74,0.96,0.68,1.92,19.47,3.99,6.4,0.62,0.24,0.6,0.4,1.02,2.34,0.44,17.19,18.985,20.492,18.89
201,Jordan Clarkson,UTA,G,16.91,2.42,0.71,2.74,3.45,0.76,0.18,1.59,1.72,25.39,3.53,7.06,0.5,2.63,6.98,0.38,1.83,2.15,0.85,20.209999999999997,26.059499999999996,24.84,23.7
202,Nic Claxton,BKN,C,10.7,1.0,2.35,4.81,7.16,0.53,1.31,0.78,2.35,23.54,4.82,5.39,0.89,0.05,0.19,0.26,1.12,1.87,0.6,24.250000000000004,24.2765,23.902,24.14
203,Amir Coffey,LAC,G,6.21,2.07,0.42,2.2,2.62,0.62,0.18,0.68,1.23,18.96,1.59,2.35,0.68,1.29,3.42,0.38,1.63,1.31,1.24,13.530000000000001,17.016,15.848999999999997,15.46
204,John Collins,ATL,F,16.15,1.52,1.81,6.63,8.44,0.64,0.92,1.07,2.94,28.15,2.96,9.01,0.33,1.44,3.74,0.39,1.83,2.99,0.61,23.659999999999997,28.885,26.528000000000002,26.36
205,Zach Collins,SAS,F,8.53,1.69,1.58,3.76,5.34,0.53,0.54,1.39,2.34,25.85,2.37,4.74,0.5,0.64,1.65,0.39,1.59,2.46,0.65,15.140000000000002,17.8845,17.942999999999994,16.99
206,Mike Conley,UTA,G,11.91,4.32,0.62,2.0,2.62,1.12,0.27,1.68,1.9,28.58,2.43,4.89,0.5,2.25,5.42,0.42,1.83,1.94,0.94,21.880000000000003,26.5005,24.164,24.18
207,Pat Connaughton,MIL,G,8.89,1.95,0.69,3.1,3.79,0.84,0.23,0.44,1.59,18.45,1.11,1.57,0.71,1.63,4.39,0.37,0.59,0.92,0.64,18.060000000000002,21.208000000000002,16.872999999999998,18.71
208,Robert Covington,LAC,F,7.46,1.43,0.81,4.75,5.5600000000000005,1.19,1.11,0.9,2.32,27.47,1.13,1.94,0.58,1.87,3.37,0.55,0.8,0.97,0.82,22.67,26.323000000000004,21.187,23.39
209,Torrey Craig,PHX,F,5.02,1.04,0.94,3.04,3.98,0.5,0.45,0.67,1.45,18.55,1.7,2.34,0.73,0.97,2.4,0.4,0.5,0.89,0.56,12.05,15.349499999999999,14.376000000000001,13.93
210,Jae Crowder,PHX,F,9.85,1.75,0.46,4.22,4.68,1.14,0.39,0.82,2.21,27.96,1.38,2.5,0.55,1.93,5.26,0.37,1.05,1.25,0.84,19.789999999999996,24.115500000000004,20.081000000000003,21.33
211,Jarrett Culver,ATL,G,7.79,0.76,0.49,0.96,1.45,0.51,0.19,0.65,1.3,16.08,1.63,1.8,0.91,0.54,1.58,0.34,0.84,1.1,0.76,11.329999999999997,10.673999999999998,9.35,10.45
212,Seth Curry,BKN,G,13.31,3.4,0.36,1.92,2.28,0.74,0.16,1.5,2.15,26.08,2.96,5.92,0.5,2.37,4.56,0.52,1.26,1.53,0.82,19.94,24.411500000000004,22.426,22.26
213,Stephen Curry,GSW,G,25.85,4.36,0.46,4.86,5.32,1.06,0.37,2.79,1.92,33.76,3.91,7.54,0.52,4.41,10.05,0.44,4.24,4.46,0.95,34.95,42.8645,38.284,38.7
214,Anthony Davis,LAL,F,21.25,2.56,2.5,7.16,9.66,1.1,1.82,2.16,2.04,32.18,8.27,15.95,0.52,0.75,1.61,0.47,3.56,5.75,0.62,33.410000000000004,37.290499999999994,41.462,37.39
215,Terence Davis,SAC,G,7.48,1.49,0.42,2.19,2.61,0.7,0.39,0.98,1.76,17.02,2.2,4.42,0.5,1.44,4.26,0.34,0.96,1.25,0.77,11.580000000000002,16.021500000000003,16.246999999999996,14.62
216,DeMar DeRozan,CHI,G,25.1,4.39,0.68,4.44,5.12,0.89,0.32,2.25,1.98,33.94,8.57,15.08,0.57,0.65,1.77,0.37,5.54,7.75,0.71,30.15,31.455,37.529,33.04
217,Dewayne Dedmon,MIA,C,5.45,0.7,1.17,3.61,4.779999999999999,0.44,0.51,0.71,2.04,13.88,1.94,2.94,0.66,0.38,0.56,0.68,1.06,1.07,0.99,13.199999999999998,14.867499999999998,14.056000000000001,14.04
218,Matthew Dellavedova,SAC,G,4.17,2.6,0.34,0.83,1.17,0.4,0.11,0.61,0.9,12.52,0.82,1.31,0.63,0.6,1.92,0.31,0.37,0.86,0.43,9.659999999999998,10.8415,9.524000000000003,10.01
219,Donte DiVincenzo,GSW,G,6.41,3.09,0.82,2.61,3.4299999999999997,0.97,0.25,1.33,1.57,13.7,1.12,2.16,0.52,1.6,4.57,0.35,1.09,1.4,0.78,15.52,20.0615,17.991,17.86
220,Hamidou Diallo,DET,G,10.67,1.74,1.1,3.24,4.34,0.99,0.33,1.02,2.19,19.68,3.44,7.93,0.43,0.49,1.49,0.33,1.93,2.51,0.77,16.150000000000002,18.4535,19.718,18.11
221,Gorgui Dieng,SAS,C,4.22,0.79,0.7,1.88,2.58,0.36,0.35,0.72,1.3,14.46,0.9,2.31,0.39,0.96,1.69,0.57,0.92,0.89,1.03,8.63,11.4425,10.581,10.22
222,Spencer Dinwiddie,DAL,G,12.52,4.12,0.61,3.55,4.16,0.7,0.22,1.45,1.95,25.1,2.65,4.68,0.57,1.37,4.79,0.29,2.74,2.93,0.94,21.430000000000003,25.011000000000006,23.712,23.38
223,Luka Doncic,DAL,F,27.42,8.69,0.9,8.58,9.48,1.08,0.59,3.75,2.18,34.69,5.59,12.13,0.46,2.88,7.77,0.37,5.47,7.11,0.77,43.27,51.1125,49.291,47.89
224,Tyler Dorsey,DAL,G,7.8,1.36,0.44,1.86,2.3000000000000003,0.44,0.14,0.69,1.13,16.87,1.4,1.77,0.79,0.89,2.01,0.44,0.9,1.55,0.58,12.510000000000002,13.4265,11.640000000000002,12.53
225,Luguentz Dort,OKC,G,17.6,1.91,0.63,3.34,3.9699999999999998,0.96,0.42,2.04,2.62,32.15,3.81,7.34,0.52,2.43,5.92,0.41,3.15,3.12,1.01,22.269999999999996,27.008000000000003,26.409,25.23
226,Goran Dragic,CHI,G,5.96,3.49,0.46,2.51,2.9699999999999998,0.72,0.22,1.1,1.49,21.78,1.88,3.84,0.49,0.79,1.58,0.5,0.96,0.78,1.23,15.689999999999998,18.011,16.669,16.79
227,Andre Drummond,CHI,C,10.92,1.63,2.62,6.07,8.690000000000001,1.11,0.81,1.58,2.64,19.53,3.04,4.74,0.64,0.05,0.37,0.14,1.19,2.22,0.54,24.389999999999997,24.8205,22.552999999999997,23.92
228,Kevin Durant,BKN,F,27.78,5.08,0.51,7.56,8.07,0.82,0.72,3.57,2.12,33.3,8.11,11.94,0.68,2.34,5.06,0.46,3.96,5.63,0.7,39.150000000000006,43.192499999999995,44.013999999999996,42.12
229,Anthony Edwards,MIN,G,19.53,3.55,0.9,4.05,4.95,1.32,0.53,2.6,2.17,31.29,2.92,10.16,0.29,2.59,7.12,0.36,3.43,4.59,0.75,23.440000000000005,30.131500000000006,29.404999999999994,27.66
230,CJ Elleby,MIN,F,8.14,1.47,0.98,2.82,3.8,0.66,0.28,0.97,1.7,26.38,1.62,3.46,0.47,0.9,2.83,0.32,1.05,1.44,0.73,13.44,15.949499999999999,14.665000000000001,14.68
231,Joel Embiid,PHI,C,30.5,4.51,1.94,9.37,11.309999999999999,0.97,1.27,3.0,2.79,33.16,7.42,15.0,0.49,1.37,4.73,0.29,8.27,9.75,0.85,42.74,46.934,49.03699999999999,46.24
232,Drew Eubanks,POR,F,10.03,1.33,1.91,3.92,5.83,0.47,0.85,0.96,1.8,18.23,3.31,5.22,0.63,0.19,0.41,0.46,1.29,1.57,0.82,19.659999999999997,20.109,19.151,19.64
233,Derrick Favors,OKC,F,5.58,0.74,1.4,2.78,4.18,0.39,0.46,0.52,1.68,12.59,2.05,2.99,0.69,0.13,0.4,0.32,0.91,0.58,1.57,12.849999999999998,13.569500000000001,12.705999999999998,13.04
234,Bruno Fernando,HOU,F,4.7,0.55,1.13,2.38,3.51,0.27,0.54,0.64,1.68,15.59,1.51,2.09,0.72,0.05,0.23,0.22,0.47,1.31,0.36,9.72,10.018500000000001,9.657,9.8
235,Dorian Finney-Smith,DAL,F,11.14,1.66,1.33,3.27,4.6,0.96,0.47,1.02,2.29,30.35,2.18,3.77,0.58,2.04,4.42,0.46,0.57,1.06,0.54,20.32,24.4695,20.900000000000002,21.9
236,Malachi Flynn,TOR,G,4.76,2.21,0.27,1.85,2.12,0.58,0.12,0.61,1.17,15.9,1.61,3.23,0.5,0.71,2.96,0.24,0.58,1.14,0.51,9.16,12.249499999999998,12.579,11.33
237,Bryn Forbes,MIN,G,7.31,1.48,0.25,1.09,1.34,0.42,0.11,1.02,1.29,17.96,1.38,2.31,0.6,1.35,3.79,0.36,1.1,0.98,1.12,9.789999999999996,12.575,11.778,11.38
238,Trent Forrest,ATL,G,7.61,2.07,0.44,1.47,1.91,0.54,0.13,0.83,1.33,13.12,1.36,1.81,0.75,0.24,0.62,0.39,0.77,1.4,0.55,13.46,12.1065,10.116999999999999,11.89
239,Evan Fournier,NYK,G,11.51,2.15,0.37,2.25,2.62,0.89,0.28,0.97,2.12,28.93,1.56,2.91,0.54,2.4,7.02,0.34,0.77,1.43,0.54,16.94,21.944000000000003,18.829,19.24
240,De'Aaron Fox,SAC,G,22.93,7.38,0.54,3.47,4.01,1.15,0.41,2.85,2.45,34.16,6.74,13.41,0.5,1.55,4.83,0.32,4.69,5.46,0.86,33.07,36.547,38.972,36.2
241,Markelle Fultz,ORL,G,8.56,4.53,0.41,2.23,2.64,0.96,0.26,2.05,1.7,13.89,3.95,8.08,0.49,0.42,1.13,0.37,2.04,2.13,0.96,16.53,18.788000000000004,21.552999999999994,18.96
242,Wenyen Gabriel,LAL,F,7.54,0.76,1.28,2.79,4.07,0.29,0.43,0.6,1.89,16.08,1.69,2.79,0.61,0.69,1.75,0.39,0.89,1.4,0.64,12.830000000000002,14.602,13.204,13.55
243,Daniel Gafford,WAS,F,10.57,1.2,2.21,4.94,7.15,0.5,1.29,0.99,2.22,20.24,4.29,6.13,0.7,0.04,0.08,0.5,1.49,2.46,0.61,22.49,23.1005,23.16,22.92
244,Danilo Gallinari,BOS,F,10.4,1.12,0.4,3.48,3.88,0.48,0.2,0.74,1.34,21.23,1.86,3.71,0.5,1.55,4.28,0.36,1.49,1.65,0.9,14.57,18.537000000000006,16.816000000000003,16.64
245,Darius Garland,CLE,G,19.7,8.28,0.56,2.72,3.2800000000000002,1.18,0.15,3.11,1.8,34.03,5.09,10.64,0.48,2.37,6.35,0.37,3.74,2.8,1.34,32.42,37.6645,36.93599999999999,35.67
246,Rudy Gay,UTA,F,7.55,1.2,0.81,3.5,4.3100000000000005,0.51,0.32,0.82,1.71,18.29,2.04,3.16,0.65,0.91,3.57,0.25,1.01,1.17,0.86,12.909999999999998,16.274,15.632000000000001,14.94
247,Paul George,LAC,F,25.54,5.34,0.55,6.27,6.819999999999999,1.52,0.4,3.35,2.13,32.56,5.13,8.99,0.57,2.76,7.8,0.35,3.75,4.16,0.9,37.46999999999999,41.9845,38.97399999999999,39.48
248,Taj Gibson,WAS,F,2.76,0.6,1.6,2.91,4.51,0.46,0.74,0.47,2.18,15.4,1.46,2.65,0.55,0.35,0.85,0.41,0.79,0.72,1.1,11.06,13.540000000000001,13.002,12.53
249,Shai Gilgeous-Alexander,OKC,G,24.47,5.77,0.68,4.12,4.8,1.18,0.56,2.87,2.26,35.25,6.59,13.2,0.5,1.67,4.13,0.4,6.04,6.84,0.88,33.83,36.836499999999994,39.254999999999995,36.64
250,Anthony Gill,WAS,F,3.59,0.66,0.78,1.53,2.31,0.26,0.31,0.41,1.48,7.94,1.07,1.91,0.56,0.37,0.54,0.69,0.81,1.24,0.65,7.609999999999999,8.7975,8.552,8.32
251,Rudy Gobert,MIN,C,10.11,1.14,3.28,9.45,12.729999999999999,0.59,1.73,1.86,2.61,30.9,5.11,9.3,0.55,0.02,0.42,0.05,3.7,5.33,0.69,24.479999999999997,30.188499999999998,33.746,29.47
252,Aaron Gordon,DEN,F,17.26,2.44,1.85,4.61,6.460000000000001,0.65,0.62,1.67,2.03,30.49,3.17,7.16,0.44,1.12,3.81,0.29,2.43,2.51,0.97,24.700000000000006,26.931,24.412,25.35
253,Eric Gordon,HOU,G,13.73,2.38,0.35,1.79,2.14,0.51,0.31,1.7,1.16,27.59,2.26,4.18,0.54,1.88,5.07,0.37,1.96,1.74,1.13,17.5,20.167500000000004,18.198,18.62
254,Devonte' Graham,NOP,G,8.39,4.53,0.38,1.8,2.18,0.88,0.16,1.44,1.39,27.18,1.67,3.19,0.52,2.23,6.48,0.34,1.2,1.68,0.71,16.890000000000004,22.9435,21.281,20.37
255,Jerami Grant,POR,F,19.48,2.66,0.53,3.79,4.32,0.83,0.79,1.86,2.01,34.26,4.41,7.26,0.61,1.98,4.73,0.42,3.86,6.31,0.61,25.810000000000006,28.741999999999997,29.174000000000003,27.91
256,Danny Green,MEM,G,4.58,1.29,0.54,1.71,2.25,0.84,0.63,0.53,1.7,18.16,0.64,1.02,0.63,1.62,3.87,0.42,0.33,0.75,0.44,12.799999999999999,16.282,13.515,14.2
257,Draymond Green,GSW,F,6.76,6.03,0.85,5.48,6.33,1.24,0.89,2.18,2.66,20.12,1.98,4.09,0.48,0.54,1.09,0.5,1.1,1.42,0.77,26.87,28.809000000000005,25.401,27.03
258,JaMychal Green,GSW,F,6.21,0.92,0.97,3.03,4.0,0.46,0.43,0.8,2.37,14.79,1.87,2.96,0.63,0.62,1.94,0.32,1.1,1.24,0.89,12.08,14.33,13.86,13.42
259,Javonte Green,CHI,G,7.44,0.84,1.14,3.02,4.16,0.79,0.43,0.58,1.94,18.33,2.16,2.9,0.74,0.65,1.76,0.37,0.97,1.1,0.88,15.669999999999998,16.948,15.351999999999999,15.99
260,Jeff Green,DEN,F,8.15,1.54,0.47,2.7,3.17,0.45,0.39,0.86,1.86,21.29,3.16,4.4,0.72,0.64,1.86,0.34,2.2,2.23,0.99,14.190000000000001,16.140500000000003,17.374000000000002,15.9
261,Josh Green,DAL,G,7.14,1.28,0.86,1.5,2.36,0.67,0.19,0.75,1.72,20.37,1.35,3.41,0.4,0.55,1.61,0.34,1.08,1.79,0.6,10.719999999999999,11.778500000000001,11.152000000000001,11.22
262,Rui Hachimura,WAS,F,11.03,1.01,0.61,3.71,4.32,0.56,0.19,0.87,1.28,22.49,3.77,6.3,0.6,1.25,3.25,0.38,1.14,1.65,0.69,14.840000000000002,18.900000000000002,19.759,17.83
263,Tyrese Haliburton,IND,G,18.52,7.41,0.86,3.5,4.36,1.55,0.53,2.69,1.87,31.65,2.55,6.46,0.39,1.96,4.52,0.43,2.25,1.75,1.29,36.629999999999995,37.8665,31.046999999999993,35.18
264,R.J. Hampton,ORL,G,8.51,2.36,0.51,1.96,2.4699999999999998,0.73,0.25,1.44,1.34,23.15,2.1,3.64,0.58,0.81,2.6,0.31,1.23,2.09,0.59,13.360000000000003,14.934500000000003,14.884000000000002,14.39
265,Tim Hardaway Jr.,DAL,G,15.76,1.73,0.36,2.4,2.76,0.76,0.16,0.74,1.48,27.61,2.53,4.42,0.57,2.47,7.35,0.34,1.56,1.94,0.8,19.5,23.978499999999997,21.037,21.51
266,James Harden,PHI,G,22.34,8.5,0.73,4.6,5.33,1.04,0.72,3.71,2.16,32.29,4.12,8.41,0.49,1.81,5.65,0.32,6.77,7.44,0.91,37.29999999999999,40.248000000000005,39.395999999999994,38.98
267,Maurice Harkless,ATL,F,3.1,0.66,0.42,2.04,2.46,0.58,0.44,0.53,1.72,17.58,1.07,1.1,0.97,0.76,1.55,0.49,0.62,0.65,0.95,9.81,11.610000000000001,10.492,10.64
268,Montrezl Harrell,PHI,F,8.82,1.67,2.04,3.1,5.140000000000001,0.58,0.59,1.04,1.95,20.79,4.4,6.35,0.69,0.16,0.58,0.28,3.01,3.98,0.76,16.72,18.8365,22.263,19.27
269,Gary Harris,ORL,G,10.06,1.7,0.52,1.62,2.14,0.86,0.18,0.91,1.62,24.97,2.53,3.81,0.66,1.8,4.4,0.41,1.59,2.15,0.74,15.3,18.952999999999996,18.337999999999997,17.53
270,Joe Harris,BKN,G,9.44,1.43,0.48,2.47,2.95,0.5,0.16,1.05,1.7,22.54,1.17,1.93,0.61,2.45,5.01,0.49,1.0,1.57,0.64,14.35,19.5545,16.645,16.85
271,Tobias Harris,PHI,F,17.82,3.6,0.94,5.47,6.41,0.65,0.7,1.67,2.02,31.79,5.04,8.53,0.59,1.42,4.45,0.32,3.02,2.67,1.13,28.740000000000006,32.331500000000005,31.481999999999992,30.85
272,Josh Hart,POR,G,14.54,2.71,1.0,5.41,6.41,0.96,0.26,2.28,2.62,32.73,4.09,7.71,0.53,1.38,2.8,0.49,2.56,3.81,0.67,21.779999999999994,25.988000000000007,26.796999999999997,24.86
273,Isaiah Hartenstein,NYK,C,9.04,2.47,1.32,2.86,4.18,0.68,1.1,1.07,2.28,17.96,3.01,4.88,0.62,0.18,0.38,0.47,1.17,1.55,0.75,20.869999999999997,20.3005,18.941,20.04
274,Udonis Haslem,MIA,F,3.02,0.33,0.44,1.44,1.88,0.23,0.13,0.4,1.21,10.01,1.1,2.37,0.46,0.14,0.66,0.21,0.41,0.66,0.62,4.3,5.4815000000000005,6.100999999999999,5.29
275,Jaxson Hayes,NOP,C,9.76,0.83,1.58,2.71,4.29,0.5,0.7,0.85,2.28,23.04,3.82,5.5,0.69,0.51,1.25,0.41,2.0,3.51,0.57,15.39,17.065,19.112999999999996,17.19
276,Killian Hayes,DET,G,4.63,3.09,0.41,2.05,2.46,1.12,0.45,1.92,2.32,19.87,1.93,3.17,0.61,0.77,1.85,0.42,0.9,0.78,1.15,14.280000000000001,16.121000000000002,15.877,15.43
277,Gordon Hayward,CHA,F,15.97,2.21,0.72,3.48,4.2,1.0,0.34,1.59,1.8,27.41,3.64,5.73,0.64,1.65,4.73,0.35,2.41,2.77,0.87,22.89,25.410500000000003,24.085,24.13
278,Juancho Hernangomez,TOR,F,5.66,0.71,0.73,3.02,3.75,0.41,0.27,0.56,1.11,15.54,0.83,2.19,0.38,0.68,1.97,0.35,0.74,0.92,0.8,10.280000000000001,12.523,10.805000000000001,11.2
279,Willy Hernangomez,NOP,C,9.61,1.39,2.32,4.05,6.369999999999999,0.48,0.44,0.92,2.04,22.37,3.27,5.23,0.63,0.14,0.54,0.26,1.83,2.7,0.68,17.509999999999998,19.0985,19.438999999999997,18.68
280,Tyler Herro,MIA,G,15.93,4.72,0.48,4.58,5.0600000000000005,0.74,0.2,2.37,1.41,30.59,3.05,7.69,0.4,2.35,6.74,0.35,3.01,2.74,1.1,23.04,29.9865,28.821999999999996,27.28
281,Buddy Hield,IND,G,13.75,2.46,0.75,3.61,4.359999999999999,0.91,0.33,1.6,2.16,31.73,2.23,4.85,0.46,3.05,8.42,0.36,1.19,1.48,0.8,19.560000000000002,27.3935,24.601999999999997,23.85
282,Haywood Highsmith,MIA,F,2.46,0.53,0.6,1.14,1.7399999999999998,0.3,0.23,0.52,1.26,6.54,1.37,2.11,0.65,0.74,2.09,0.35,0.43,0.63,0.68,4.79,7.847499999999999,8.813,7.15
283,George Hill,MIL,G,4.18,1.89,0.56,2.33,2.89,0.69,0.2,0.8,1.01,21.16,1.1,2.07,0.53,0.72,1.9,0.38,0.83,1.26,0.66,10.950000000000001,13.353499999999999,12.473000000000003,12.26
284,Aaron Holiday,ATL,G,4.88,1.97,0.4,1.46,1.8599999999999999,0.7,0.19,1.06,1.23,14.19,1.66,4.01,0.41,0.75,2.38,0.32,0.99,1.41,0.7,8.469999999999999,11.436999999999998,12.467,10.79
285,Jrue Holiday,MIL,G,13.64,6.08,0.83,3.62,4.45,1.5,0.51,2.66,1.77,28.86,4.68,8.5,0.55,1.63,4.78,0.34,1.77,2.97,0.6,26.429999999999996,31.131500000000003,31.84,29.8
286,Justin Holiday,ATL,F,8.51,1.15,0.38,2.18,2.56,0.67,0.51,0.7,1.49,25.2,0.81,1.67,0.49,2.45,6.39,0.38,0.61,0.72,0.85,14.230000000000002,19.588000000000005,16.037000000000003,16.62
287,Richaun Holmes,SAC,F,10.82,1.22,1.95,3.95,5.9,0.48,0.77,1.1,2.66,16.89,3.98,4.99,0.8,0.12,0.18,0.67,1.84,1.89,0.97,20.959999999999997,20.806000000000004,20.47,20.75
288,Al Horford,BOS,C,9.22,3.56,1.29,5.44,6.73,0.67,1.26,0.86,1.94,25.41,2.01,3.48,0.58,1.37,4.03,0.34,0.91,1.28,0.71,25.94,29.955500000000008,25.456,27.12
289,Talen Horton-Tucker,UTA,G,11.98,2.94,0.58,2.67,3.25,1.0,0.44,1.44,2.13,23.1,4.06,5.51,0.74,0.79,2.23,0.35,1.37,1.91,0.72,21.35,21.859500000000004,21.61,21.61
290,Danuel House Jr.,PHI,F,5.48,1.1,0.45,2.74,3.1900000000000004,0.45,0.38,0.75,1.31,14.53,1.09,2.02,0.54,1.09,3.61,0.3,1.0,1.47,0.68,9.860000000000003,13.529000000000002,12.838000000000003,12.08
291,Kevin Huerter,SAC,G,11.78,2.98,0.51,2.85,3.3600000000000003,0.84,0.4,1.21,2.19,25.69,2.44,4.53,0.54,2.07,5.4,0.38,0.74,1.14,0.65,19.89,24.326499999999996,21.602,21.94
292,De'Andre Hunter,ATL,F,13.49,1.14,0.56,3.32,3.88,0.75,0.38,1.15,2.51,26.8,3.19,7.68,0.42,1.36,4.44,0.31,2.17,2.8,0.78,15.029999999999998,19.181,20.106000000000005,18.11
293,Serge Ibaka,MIL,F,6.88,1.0,1.05,2.98,4.03,0.25,0.7,0.74,1.41,11.27,1.98,2.89,0.69,0.74,2.02,0.37,0.67,0.96,0.7,13.490000000000002,15.535500000000003,14.346,14.46
294,Joe Ingles,MIL,F,6.03,3.08,0.36,2.65,3.01,0.53,0.18,1.07,1.39,21.67,0.97,1.59,0.61,1.75,4.41,0.4,0.53,1.13,0.47,13.770000000000001,18.632499999999997,16.301999999999996,16.23
295,Brandon Ingram,NOP,F,21.7,4.46,0.63,4.75,5.38,0.68,0.57,2.72,2.27,33.83,7.28,13.1,0.56,1.34,4.33,0.31,4.79,6.23,0.77,26.649999999999995,31.064000000000004,36.296,31.34
296,Kyrie Irving,BKN,G,26.53,4.81,0.69,3.98,4.67,1.3,0.6,2.18,2.47,36.31,4.64,12.72,0.36,3.38,8.64,0.39,3.96,3.69,1.07,34.37,40.970499999999994,37.819,37.72
297,Jonathan Isaac,ORL,F,8.71,1.63,1.72,4.95,6.67,1.31,1.79,1.34,2.02,31.26,3.47,7.59,0.46,1.06,3.45,0.31,1.64,1.9,0.86,22.650000000000002,27.197,27.069000000000003,25.64
298,Josh Jackson,TOR,G,4.51,1.77,0.52,2.76,3.28,0.57,0.59,0.89,1.84,10.15,2.22,4.54,0.49,0.91,3.9,0.23,1.22,1.92,0.64,9.09,14.257,16.411,13.25
299,Justin Jackson,BOS,F,3.24,0.51,0.29,0.84,1.13,0.26,0.1,0.46,0.9,13.08,0.93,2.21,0.42,0.52,2.33,0.22,0.49,0.83,0.59,3.0,5.3294999999999995,6.2909999999999995,4.87
300,Reggie Jackson,LAC,G,16.95,4.76,0.41,2.74,3.1500000000000004,0.59,0.16,2.03,1.99,26.24,4.5,7.57,0.59,1.78,4.47,0.4,1.1,1.9,0.58,23.78,26.787000000000003,25.83,25.47
301,Jaren Jackson Jr.,MEM,F,17.28,1.07,1.43,4.5,5.93,0.9,1.95,1.55,3.31,26.14,3.82,4.29,0.89,1.88,4.55,0.41,2.98,4.34,0.69,31.03,32.212,29.130999999999997,30.79
302,LeBron James,LAL,F,26.47,5.6,0.93,7.11,8.040000000000001,1.1,0.82,3.52,2.16,33.9,7.14,11.98,0.6,2.76,6.52,0.42,4.91,5.29,0.93,40.129999999999995,46.0125,45.838,43.99
303,DaQuan Jeffries,NYK,G,3.72,1.44,0.63,1.16,1.79,0.37,0.21,0.45,1.0,8.87,0.59,1.87,0.32,0.36,1.73,0.21,0.45,0.54,0.83,7.43,8.72,7.728000000000001,7.96
304,Ty Jerome,OKC,G,8.84,2.65,0.37,2.18,2.5500000000000003,0.62,0.18,0.77,1.81,13.06,2.52,4.23,0.6,1.2,3.58,0.34,1.3,0.84,1.55,15.919999999999998,18.880499999999998,17.805,17.54
305,Isaiah Joe,PHI,G,3.34,0.81,0.25,1.34,1.59,0.42,0.12,0.62,1.21,12.96,0.71,1.51,0.47,1.06,3.85,0.28,0.72,0.89,0.81,4.77,8.645499999999998,8.903,7.44
306,Alize Johnson,SAS,F,4.04,0.56,0.99,2.11,3.0999999999999996,0.37,0.2,0.66,1.41,13.57,1.08,2.66,0.41,0.57,1.87,0.3,0.5,1.18,0.42,6.2299999999999995,9.116499999999998,9.41,8.25
307,Cameron Johnson,PHX,F,10.84,1.35,0.57,3.33,3.9,0.81,0.24,0.65,1.76,26.92,1.54,3.61,0.43,2.15,4.84,0.44,1.61,1.86,0.87,17.48,22.372499999999995,19.295,19.72
308,James Johnson,IND,F,4.36,2.04,0.71,2.8,3.51,0.55,0.6,0.74,2.41,16.86,1.56,3.29,0.47,0.55,1.74,0.32,0.53,0.89,0.6,12.340000000000002,14.854,14.132,13.78
309,Keldon Johnson,SAS,F,18.77,2.4,1.08,4.99,6.07,0.82,0.27,1.43,2.13,32.55,4.08,8.27,0.49,1.9,4.97,0.38,2.63,3.84,0.68,24.57,29.172000000000004,28.123999999999995,27.29
310,Stanley Johnson,UTA,F,5.54,2.05,0.63,2.51,3.1399999999999997,0.91,0.32,0.88,2.02,16.24,1.76,4.26,0.41,0.84,1.86,0.45,1.32,1.38,0.96,13.2,16.160999999999998,15.783,15.05
311,Nikola Jokic,DEN,C,25.34,8.8,2.47,9.51,11.98,1.38,0.72,3.58,2.46,32.48,7.78,13.79,0.56,1.52,4.38,0.35,3.4,6.47,0.53,45.739999999999995,51.611000000000004,51.716,49.69
312,Damian Jones,LAL,C,9.05,0.92,1.37,2.86,4.23,0.43,0.6,0.95,2.12,15.3,2.58,4.04,0.64,0.26,0.55,0.47,1.64,1.95,0.84,15.540000000000001,15.632,15.146,15.44
313,Tre Jones,SAS,G,8.88,5.44,0.42,2.25,2.67,0.74,0.13,1.06,1.67,20.74,2.45,4.64,0.53,0.23,1.49,0.15,1.28,1.68,0.76,20.17,20.4465,18.914000000000005,19.84
314,Tyus Jones,MEM,G,6.32,3.45,0.25,1.99,2.24,0.9,0.13,0.73,1.17,20.27,1.74,4.98,0.35,0.95,2.97,0.32,0.71,0.79,0.9,13.73,17.13,16.233,15.7
315,Derrick Jones Jr.,CHI,F,5.95,0.76,1.03,2.89,3.92,0.47,0.84,0.69,2.14,17.22,1.99,2.68,0.74,0.55,2.06,0.27,0.78,1.16,0.67,13.219999999999999,14.892,14.184000000000001,14.1
316,DeAndre Jordan,DEN,C,4.59,0.54,1.54,2.89,4.43,0.28,0.8,0.69,1.32,13.35,1.74,2.57,0.68,0.02,0.07,0.29,0.7,1.23,0.57,11.649999999999999,12.2895,11.836000000000002,11.93
317,Cory Joseph,DET,G,7.02,3.28,0.46,2.28,2.7399999999999998,0.64,0.25,1.08,1.94,22.49,1.51,3.9,0.39,0.76,1.77,0.43,0.98,1.64,0.6,14.419999999999998,16.4385,15.188,15.35
318,Mfiondu Kabengele,BOS,C,3.3,0.54,0.45,1.7,2.15,0.29,0.32,0.65,1.05,8.15,0.7,2.68,0.26,0.53,1.78,0.3,0.65,0.83,0.78,4.79,7.325499999999999,7.599999999999998,6.57
319,Frank Kaminsky,ATL,F,6.94,0.84,0.96,2.49,3.45,0.72,0.57,0.55,1.38,19.99,3.3,5.49,0.6,0.63,1.55,0.41,1.34,1.61,0.83,13.379999999999999,15.879500000000002,17.259999999999998,15.51
320,Luke Kennard,LAC,G,9.03,1.82,0.36,2.64,3.0,0.63,0.12,0.76,1.32,26.62,1.36,2.97,0.46,2.2,5.23,0.42,0.93,1.62,0.57,14.02,19.57,17.319999999999997,16.97
321,Maxi Kleber,DAL,F,4.45,1.07,1.0,3.75,4.75,0.42,0.76,0.68,1.83,22.14,0.96,1.47,0.65,1.46,2.84,0.51,0.78,1.07,0.73,13.98,18.508000000000003,16.065,16.18
322,Nathan Knight,MIN,F,5.21,0.72,0.95,2.21,3.16,0.26,0.24,0.59,1.08,18.53,1.37,2.79,0.49,0.21,0.62,0.34,1.28,1.6,0.8,8.690000000000001,9.8605,9.932,9.49
323,John Konchar,MEM,G,5.05,1.48,0.87,2.5,3.37,0.7,0.32,0.7,1.44,20.73,1.13,2.71,0.42,0.67,2.06,0.33,0.55,1.07,0.51,11.239999999999998,13.610999999999999,12.424000000000001,12.42
324,Furkan Korkmaz,PHI,G,10.05,1.94,0.35,2.0,2.35,0.6,0.19,0.79,1.13,21.55,1.59,2.31,0.69,1.13,3.82,0.3,0.96,1.73,0.55,14.809999999999997,16.234,14.05,15.03
325,Luke Kornet,BOS,C,3.49,0.61,0.93,1.34,2.27,0.27,0.4,0.51,0.93,11.57,1.2,1.59,0.75,0.25,0.62,0.4,0.48,0.86,0.56,7.750000000000002,8.400500000000001,8.098999999999998,8.08
326,Kyle Kuzma,WAS,F,14.64,3.57,1.16,6.8,7.96,0.6,0.63,2.44,1.97,30.81,3.61,7.4,0.49,2.0,5.61,0.36,2.01,2.69,0.75,23.7,30.957999999999995,30.157,28.27
327,Zach LaVine,CHI,G,25.29,4.79,0.54,4.1,4.64,0.72,0.31,2.99,1.84,34.94,5.62,10.17,0.55,2.85,6.91,0.41,4.93,5.22,0.94,31.600000000000005,36.644000000000005,36.54299999999999,34.93
328,Romeo Langford,SAS,G,3.3,0.96,0.72,1.87,2.59,0.49,0.28,0.82,1.27,17.53,1.51,2.42,0.62,0.61,1.87,0.33,0.86,1.76,0.49,6.79,9.684499999999998,10.978,9.15
329,Jake Layman,BOS,F,2.74,0.5,0.24,0.95,1.19,0.34,0.22,0.57,0.91,10.98,0.85,2.41,0.35,0.4,1.12,0.36,0.62,0.92,0.67,3.8500000000000005,5.4865,6.248,5.19
330,Caris LeVert,CLE,G,16.08,3.77,0.69,2.72,3.41,1.01,0.48,1.7,2.15,30.5,3.6,9.3,0.39,1.56,4.17,0.37,2.34,2.43,0.96,22.75,26.061000000000003,25.247,24.69
331,Damion Lee,PHX,G,5.46,1.38,0.46,2.69,3.15,0.52,0.11,0.55,1.69,19.07,1.8,2.43,0.74,0.75,2.55,0.29,1.0,1.54,0.65,10.57,13.409,13.41,12.46
332,Saben Lee,DET,G,5.52,4.11,0.42,1.7,2.12,0.69,0.27,0.9,1.32,14.78,1.92,2.01,0.96,0.54,1.65,0.33,1.46,2.01,0.73,16.69,17.6255,16.649,16.99
333,Alex Len,SAC,C,6.36,1.08,1.38,2.98,4.359999999999999,0.32,0.69,0.81,2.04,11.65,2.03,4.34,0.47,0.35,0.55,0.64,0.95,1.15,0.83,12.939999999999998,14.607,14.121999999999998,13.89
334,Kawhi Leonard,LAC,F,24.84,5.4,1.01,5.96,6.97,1.55,0.59,2.15,1.69,30.16,6.74,12.2,0.55,2.02,5.15,0.39,4.5,6.25,0.72,38.550000000000004,42.620000000000005,42.634,41.27
335,Kira Lewis Jr.,NOP,G,5.54,2.14,0.42,1.76,2.18,0.56,0.21,0.97,1.23,10.59,1.99,3.1,0.64,0.62,2.23,0.28,0.8,0.79,1.01,11.05,12.969000000000001,13.036,12.35
336,Damian Lillard,POR,G,27.81,4.78,0.42,3.64,4.0600000000000005,0.64,0.32,2.78,1.32,34.16,4.42,6.62,0.67,3.89,10.98,0.35,5.39,5.73,0.94,33.97,40.02750000000001,37.082,37.03
337,Nassir Little,POR,F,9.76,1.37,1.21,4.48,5.69,0.63,0.62,0.93,1.94,24.61,1.89,4.64,0.41,1.12,2.82,0.4,1.38,1.77,0.78,17.610000000000003,21.110500000000002,18.973,19.23
338,Kevon Looney,GSW,F,4.62,1.81,1.95,5.32,7.2700000000000005,0.62,0.52,0.79,2.51,16.65,2.48,4.18,0.59,0.08,0.42,0.19,1.02,1.33,0.77,16.220000000000006,19.427500000000002,19.148999999999997,18.27
339,Brook Lopez,MIL,C,10.99,0.52,0.95,3.01,3.96,0.5,0.89,0.82,2.2,21.51,3.51,5.69,0.62,1.42,4.18,0.34,1.43,2.36,0.61,15.459999999999997,19.4135,20.202,18.36
340,Robin Lopez,CLE,C,6.47,1.13,1.48,2.42,3.9,0.3,0.55,0.9,1.92,16.41,2.7,4.15,0.65,0.15,0.34,0.44,0.83,1.01,0.82,12.559999999999999,13.447,13.854999999999999,13.29
341,Kevin Love,CLE,F,10.87,1.94,0.92,4.73,5.65,0.53,0.22,1.14,1.01,22.19,1.64,2.65,0.62,2.46,5.8,0.42,1.82,2.78,0.65,18.269999999999996,25.1725,22.53,21.99
342,Kyle Lowry,MIA,G,12.14,7.62,0.55,3.38,3.9299999999999997,0.95,0.29,2.15,2.52,31.21,1.63,3.63,0.45,2.14,5.59,0.38,1.65,1.86,0.89,28.45,32.92100000000001,27.805999999999997,29.73
343,Trey Lyles,SAC,F,6.91,0.97,0.8,3.52,4.32,0.45,0.38,0.79,1.44,19.2,2.18,4.45,0.49,1.16,2.87,0.4,2.03,1.73,1.17,12.389999999999999,17.0435,17.379,15.6
344,Theo Maledon,OKC,G,6.47,3.01,0.47,1.45,1.92,0.69,0.23,1.59,1.7,22.19,2.32,3.82,0.61,1.24,2.93,0.42,1.72,1.84,0.93,12.84,16.297500000000003,17.149,15.43
345,Terance Mann,LAC,G,9.94,2.4,1.01,4.13,5.14,0.69,0.29,0.85,2.1,23.29,2.66,5.34,0.5,1.07,2.52,0.42,1.23,1.57,0.78,18.700000000000003,22.175500000000003,20.637999999999995,20.5
346,Boban Marjanovic,HOU,C,2.56,0.33,0.72,1.27,1.99,0.22,0.21,0.56,0.96,15.42,1.22,1.99,0.61,0.15,0.99,0.15,0.58,1.02,0.57,3.9099999999999993,5.388999999999999,6.6530000000000005,5.32
347,Lauri Markkanen,UTA,F,12.57,1.53,0.75,5.35,6.1,0.69,0.42,0.93,2.12,26.3,3.24,5.24,0.62,1.92,5.74,0.33,2.09,2.63,0.79,19.869999999999997,26.0615,25.235,23.72
348,Naji Marshall,NOP,F,4.47,1.42,0.56,2.62,3.18,0.66,0.21,0.81,1.44,16.32,1.22,3.21,0.38,0.59,1.86,0.32,1.76,2.21,0.8,9.23,12.236,12.846,11.44
349,Caleb Martin,MIA,F,8.78,0.91,0.95,3.27,4.22,0.75,0.43,0.74,1.89,25.03,1.74,2.5,0.7,0.86,2.66,0.32,0.97,1.34,0.72,15.989999999999998,17.423,15.078999999999999,16.16
350,Cody Martin,CHA,F,8.78,2.19,1.02,2.65,3.67,0.99,0.43,1.0,1.96,25.82,2.02,4.51,0.45,0.83,2.4,0.35,0.87,1.48,0.59,16.669999999999998,18.525499999999994,16.929,17.37
351,Kenyon Martin Jr.,HOU,F,7.73,1.41,1.04,3.35,4.390000000000001,0.6,0.67,0.9,1.53,20.71,3.09,4.45,0.69,0.59,2.73,0.22,1.15,1.97,0.58,14.490000000000002,17.1715,18.123,16.59
352,Garrison Mathews,HOU,G,7.45,1.36,0.39,2.89,3.2800000000000002,0.84,0.35,0.66,2.45,24.02,1.12,3.04,0.37,1.98,5.18,0.38,2.49,2.16,1.15,14.08,19.826,18.366,17.42
353,Wesley Matthews,MIL,G,4.78,1.32,0.41,1.43,1.8399999999999999,0.48,0.24,0.37,1.38,18.11,0.64,0.96,0.67,0.71,2.48,0.29,0.55,0.78,0.71,9.790000000000001,11.107,9.218000000000002,10.04
354,Tyrese Maxey,PHI,G,18.4,4.59,0.44,2.8,3.2399999999999998,0.7,0.39,1.3,1.97,31.91,3.42,9.17,0.37,1.79,4.21,0.43,2.32,2.89,0.8,25.629999999999995,28.621499999999997,26.182999999999996,26.81
355,CJ McCollum,NOP,G,21.39,4.46,0.72,3.32,4.04,1.03,0.4,1.95,2.01,33.79,4.96,10.1,0.49,2.76,7.14,0.39,2.24,2.83,0.79,28.82,34.424500000000016,32.88799999999999,32.04
356,T.J. McConnell,IND,G,6.3,5.22,0.69,2.6,3.29,0.98,0.35,1.22,1.68,21.93,2.65,4.37,0.61,0.43,1.84,0.23,0.52,0.66,0.79,20.069999999999997,21.675500000000003,20.328,20.69
357,Jaden McDaniels,MIN,F,10.86,1.12,1.09,3.87,4.96,0.7,0.82,1.05,2.89,26.63,2.31,3.97,0.58,1.47,3.3,0.45,0.99,1.37,0.72,19.64,22.451,19.642,20.58
358,Jalen McDaniels,CHA,F,7.9,0.92,0.68,2.55,3.23,0.54,0.45,0.77,1.48,13.74,1.54,3.46,0.45,0.81,2.06,0.39,1.02,1.71,0.6,12.34,14.098499999999998,12.996,13.14
359,Doug McDermott,SAS,F,10.26,1.21,0.47,2.37,2.84,0.37,0.11,0.85,1.38,23.33,2.24,5.26,0.43,1.79,3.94,0.45,1.05,1.13,0.93,12.280000000000001,17.0125,16.232999999999997,15.18
360,JaVale McGee,DAL,C,6.68,0.8,1.81,4.34,6.15,0.33,0.92,1.07,2.0,9.32,2.94,4.56,0.64,0.15,0.29,0.52,1.18,1.5,0.79,15.36,17.1875,17.52,16.69
361,Rodney McGruder,DET,G,3.37,0.83,0.49,1.58,2.0700000000000003,0.38,0.13,0.43,1.23,10.98,0.84,2.01,0.42,0.69,1.54,0.45,0.55,1.07,0.51,6.430000000000001,8.870000000000001,8.619,7.97
362,Jordan McLaughlin,MIN,G,5.86,3.04,0.45,2.07,2.52,0.75,0.17,0.78,1.19,16.57,0.95,2.7,0.35,0.59,1.57,0.38,0.79,0.71,1.11,14.520000000000001,15.636000000000001,13.104000000000001,14.42
363,De'Anthony Melton,PHI,G,9.74,2.29,0.91,3.43,4.34,1.29,0.59,1.49,1.56,23.53,1.97,3.54,0.56,1.98,4.85,0.41,1.43,1.8,0.79,20.37,24.8145,22.222999999999995,22.47
364,Sam Merrill,SAC,G,2.47,0.88,0.29,1.32,1.61,0.34,0.11,0.41,1.18,9.21,0.86,1.02,0.84,0.77,3.17,0.24,0.47,0.69,0.68,4.8100000000000005,7.946999999999999,8.242,7.0
365,Chimezie Metu,SAC,F,9.04,1.08,0.79,3.16,3.95,0.73,0.5,0.77,1.55,16.83,2.39,4.31,0.55,0.86,1.97,0.44,1.2,1.41,0.85,16.15,17.901500000000002,16.610000000000003,16.89
366,Khris Middleton,MIL,F,18.8,4.81,0.58,3.98,4.56,1.01,0.27,2.48,2.17,27.39,4.33,9.0,0.48,2.49,6.0,0.42,3.91,4.0,0.98,27.359999999999992,33.190000000000005,32.80700000000001,31.12
367,Patty Mills,BKN,G,9.11,2.2,0.23,1.6,1.83,0.59,0.16,0.88,0.93,23.76,1.22,2.61,0.47,2.43,6.64,0.37,0.64,0.9,0.71,13.15,18.9325,16.486,16.19
368,Shake Milton,PHI,G,8.66,2.57,0.45,1.95,2.4,0.5,0.3,0.91,1.51,20.52,2.12,3.99,0.53,0.95,3.69,0.26,1.1,1.56,0.71,13.459999999999997,16.043999999999997,15.614999999999998,15.04
369,Donovan Mitchell,CLE,G,26.51,6.01,0.82,3.65,4.47,1.27,0.24,2.74,2.24,33.5,5.12,9.7,0.53,2.9,10.11,0.29,4.19,4.93,0.85,33.93000000000001,39.32799999999999,37.788999999999994,37.02
370,Malik Monk,SAC,G,13.97,2.75,0.43,2.56,2.99,0.81,0.4,1.47,1.62,24.85,3.01,6.02,0.5,2.1,5.66,0.37,1.49,1.64,0.91,19.74,24.073999999999998,22.473000000000003,22.1
371,Ja Morant,MEM,G,26.99,6.88,1.25,4.56,5.81,1.07,0.39,3.3,1.57,31.96,7.23,14.69,0.49,1.62,2.96,0.55,5.81,5.27,1.1,39.160000000000004,41.375,42.042,40.86
372,Markieff Morris,BKN,F,7.21,1.08,0.66,1.8,2.46,0.42,0.18,0.82,1.64,15.32,1.74,3.22,0.54,0.67,2.04,0.33,0.59,0.88,0.67,10.12,11.597999999999999,11.032,10.92
373,Monte Morris,WAS,G,14.6,4.26,0.42,2.4,2.82,0.72,0.2,1.03,1.33,28.37,3.41,5.22,0.65,1.52,3.91,0.39,1.01,1.09,0.93,24.8,26.324,22.974,24.7
374,Dejounte Murray,ATL,G,19.46,8.14,1.09,6.71,7.8,1.71,0.31,2.48,2.0,30.07,5.78,11.66,0.5,1.42,4.64,0.31,2.54,3.4,0.75,38.120000000000005,42.925000000000004,41.49,40.85
375,Jamal Murray,DEN,G,21.94,3.48,0.83,3.6,4.43,0.99,0.29,2.1,1.89,31.9,5.88,10.82,0.54,2.4,6.05,0.4,2.2,2.54,0.87,27.720000000000002,32.39849999999999,32.15599999999999,30.76
376,Mike Muscala,OKC,F,7.09,0.66,0.4,2.37,2.77,0.41,0.46,0.45,1.26,10.97,1.34,2.28,0.59,1.38,4.21,0.33,0.99,1.52,0.65,10.84,14.5195,13.414000000000001,12.92
377,Larry Nance Jr.,NOP,F,4.71,1.58,1.24,3.31,4.55,0.93,0.41,0.75,1.88,24.31,1.82,2.84,0.64,0.45,1.19,0.38,1.04,1.4,0.74,14.61,16.6565,15.79,15.69
378,Aaron Nesmith,IND,G,4.27,0.99,0.42,1.49,1.91,0.46,0.18,0.7,1.43,10.19,0.9,3.62,0.25,0.92,1.62,0.57,0.69,0.74,0.93,6.77,9.857000000000001,9.607,8.74
379,Raul Neto,CLE,G,7.08,2.98,0.27,2.35,2.62,0.79,0.11,1.03,1.53,22.3,1.96,4.65,0.42,0.65,1.13,0.58,1.22,1.2,1.02,14.700000000000001,16.349,15.474000000000002,15.51
380,Georges Niang,PHI,F,6.29,1.16,0.41,2.05,2.46,0.45,0.16,0.82,2.13,19.88,0.88,1.43,0.62,1.94,4.24,0.46,0.67,0.96,0.7,10.670000000000002,15.383499999999998,13.342,13.13
381,Zeke Nnaji,DEN,F,6.15,0.61,1.13,3.45,4.58,0.46,0.31,0.7,1.86,16.45,1.79,3.03,0.59,1.0,2.57,0.39,1.05,1.6,0.66,11.270000000000001,15.195000000000002,14.881,13.78
382,Nerlens Noel,DET,C,2.82,0.97,2.05,3.45,5.5,0.85,0.96,0.71,2.57,11.22,1.08,1.48,0.73,0.02,0.06,0.33,0.72,1.32,0.55,15.06,15.806999999999997,13.904999999999998,14.92
383,Jaylen Nowell,MIN,G,9.9,2.26,0.47,2.27,2.74,0.54,0.21,0.76,1.37,21.2,1.99,3.73,0.53,1.22,2.79,0.44,1.46,1.38,1.06,16.63,18.671,16.518000000000004,17.27
384,Frank Ntilikina,DAL,G,6.79,1.59,0.26,1.27,1.53,0.57,0.14,0.65,1.21,11.88,1.47,2.03,0.72,0.89,2.77,0.32,1.06,0.8,1.32,11.75,13.03,11.661,12.15
385,Kendrick Nunn,LAL,G,13.83,2.52,0.42,2.38,2.8,0.84,0.3,1.48,2.02,29.16,3.37,6.35,0.53,2.12,5.28,0.4,1.01,1.2,0.84,19.059999999999995,23.341499999999996,22.050000000000004,21.48
386,Jusuf Nurkic,POR,C,14.55,3.2,2.7,8.7,11.399999999999999,0.93,0.75,2.43,3.31,27.13,5.41,8.87,0.61,0.39,1.43,0.27,3.41,4.23,0.81,29.28,33.527499999999996,34.809999999999995,32.54
387,David Nwaba,HOU,G,6.21,1.27,0.85,2.38,3.23,0.61,0.53,0.54,1.65,14.68,2.05,3.91,0.52,0.4,1.14,0.35,1.06,1.34,0.79,12.979999999999999,14.2625,13.881,13.71
388,Royce O'Neale,BKN,F,6.44,2.05,0.84,3.15,3.9899999999999998,0.92,0.41,1.0,1.93,30.42,1.16,1.96,0.59,1.65,4.07,0.41,0.54,0.92,0.59,15.899999999999999,20.1915,17.333,17.81
389,Chuma Okeke,ORL,F,5.82,1.8,0.71,3.64,4.35,1.31,0.52,0.84,1.42,21.7,1.5,2.93,0.51,1.6,4.25,0.38,0.81,0.96,0.84,16.78,21.604,19.35,19.24
390,Josh Okogie,PHX,G,4.25,0.87,0.73,1.49,2.2199999999999998,0.58,0.27,0.6,1.98,15.26,1.1,2.76,0.4,0.48,1.72,0.28,0.69,1.3,0.53,7.38,9.264000000000001,9.399,8.68
391,Onyeka Okongwu,ATL,F,8.24,0.76,2.39,2.83,5.220000000000001,0.62,1.15,0.87,2.45,13.93,3.14,4.59,0.68,0.06,0.19,0.32,1.15,1.72,0.67,18.23,18.129,17.683999999999997,18.01
392,Isaac Okoro,CLE,F,9.99,1.68,1.12,2.4,3.52,0.86,0.36,1.02,2.1,20.51,2.4,5.08,0.47,0.9,2.47,0.36,2.1,1.78,1.18,16.680000000000003,18.622500000000002,17.764,17.69
393,KZ Okpala,SAC,F,3.66,0.64,0.59,1.58,2.17,0.32,0.28,0.47,1.39,11.14,1.06,2.45,0.43,0.54,1.74,0.31,0.63,0.88,0.72,6.270000000000001,8.5295,8.664,7.82
394,Victor Oladipo,MIA,G,8.92,3.27,0.44,2.54,2.98,0.77,0.22,1.78,1.67,22.14,2.31,5.27,0.44,1.79,4.62,0.39,2.12,2.65,0.8,14.31,20.032,20.791,18.38
395,Kelly Olynyk,DET,F,8.35,2.53,1.07,2.8,3.87,0.77,0.55,1.19,2.4,22.28,1.83,3.29,0.56,1.11,1.84,0.6,1.64,1.83,0.9,18.909999999999997,20.848999999999997,18.519000000000002,19.43
396,Cedi Osman,CLE,F,10.82,1.85,0.46,2.46,2.92,0.81,0.2,1.06,1.83,21.87,2.19,4.0,0.55,1.96,4.66,0.42,1.14,1.51,0.75,16.439999999999998,20.540499999999998,18.639000000000003,18.54
397,Kelly Oubre Jr.,CHA,F,12.61,1.03,0.95,2.85,3.8,0.87,0.53,1.08,2.4,26.9,3.23,4.06,0.8,2.2,6.31,0.35,1.72,2.6,0.66,18.290000000000003,23.2385,22.604999999999997,21.38
398,Eric Paschall,MIN,F,7.22,0.76,0.56,2.14,2.7,0.29,0.18,0.74,1.31,20.24,2.46,2.92,0.84,0.95,2.53,0.38,1.39,1.49,0.93,10.65,13.189999999999998,13.74,12.53
399,Chris Paul,PHX,G,14.74,9.91,0.48,3.36,3.84,1.62,0.29,2.12,2.15,25.55,4.72,8.0,0.59,1.1,3.21,0.34,2.07,2.76,0.75,36.82,38.515499999999996,35.983000000000004,37.11
400,Cameron Payne,PHX,G,8.73,4.97,0.4,2.58,2.98,0.66,0.3,1.71,1.85,18.97,2.37,3.89,0.61,1.06,3.37,0.31,1.18,1.17,1.01,19.310000000000002,21.880499999999998,20.341,20.51
401,Gary Payton II,POR,G,3.97,1.01,0.76,2.56,3.3200000000000003,1.12,0.27,0.58,1.65,19.28,2.43,2.21,1.1,0.76,2.56,0.3,0.52,0.57,0.91,12.840000000000002,15.410999999999998,15.359000000000002,14.54
402,Theo Pinson,DAL,G,5.68,1.2,0.36,0.92,1.28,0.35,0.12,0.43,1.48,11.55,2.28,3.01,0.76,1.08,2.5,0.43,1.15,1.22,0.94,9.240000000000002,12.0655,12.795999999999998,11.37
403,Mason Plumlee,CHA,F,6.34,3.04,2.05,4.64,6.6899999999999995,0.67,0.75,1.34,2.97,21.98,2.53,3.18,0.8,0.03,0.11,0.27,1.03,2.2,0.47,20.240000000000002,21.4145,20.268,20.64
404,Jakob Poeltl,SAS,C,13.99,2.8,3.8,5.44,9.24,0.67,1.58,1.64,2.77,26.44,5.43,11.21,0.48,0.03,0.1,0.3,1.78,2.65,0.67,27.86,30.177999999999997,30.878,29.64
405,Aleksej Pokusevski,OKC,F,9.97,3.13,1.04,3.68,4.720000000000001,0.65,0.75,1.67,1.54,17.24,2.01,4.18,0.48,0.82,2.8,0.29,1.28,1.41,0.91,19.750000000000004,21.5565,19.249000000000002,20.19
406,Jordan Poole,GSW,G,15.28,4.43,0.43,3.3,3.73,0.84,0.3,2.34,2.47,27.22,3.35,7.44,0.45,2.82,7.0,0.4,3.6,3.36,1.07,22.539999999999996,30.046999999999997,29.821,27.47
407,Kevin Porter Jr.,HOU,G,18.55,6.53,0.73,3.65,4.38,1.01,0.35,3.0,2.42,29.76,2.69,5.36,0.5,2.21,6.69,0.33,2.09,2.97,0.7,29.61,32.955,28.870999999999995,30.48
408,Michael Porter Jr.,DEN,F,12.33,1.84,1.03,3.97,5.0,0.94,0.46,0.76,1.1,25.3,3.32,3.12,1.06,1.27,3.24,0.39,1.06,0.92,1.15,24.729999999999997,25.933,22.31,24.32
409,Otto Porter Jr.,TOR,F,8.3,1.59,1.18,4.15,5.33,0.89,0.42,0.67,1.51,22.63,1.76,2.38,0.74,1.29,3.78,0.34,0.73,0.85,0.86,18.77,22.155500000000004,18.851000000000003,19.93
410,Bobby Portis,MIL,F,12.85,1.21,2.33,5.42,7.75,0.73,0.54,1.22,2.03,26.19,3.46,7.0,0.49,1.88,3.36,0.56,1.05,1.13,0.93,22.440000000000005,28.3605,26.045,25.62
411,Kristaps Porzingis,WAS,F,19.07,2.04,1.84,6.25,8.09,0.66,1.36,1.51,2.69,28.41,5.66,9.84,0.58,1.79,4.28,0.42,3.6,4.78,0.75,30.24,35.270999999999994,35.58800000000001,33.7
412,Dwight Powell,DAL,F,6.84,1.11,1.71,3.04,4.75,0.49,0.47,0.69,2.57,17.65,3.32,3.94,0.84,0.27,0.55,0.49,1.69,1.58,1.07,15.75,17.1495,17.735,16.88
413,Norman Powell,LAC,G,16.96,1.81,0.48,2.84,3.32,0.97,0.39,1.47,2.06,31.4,2.96,5.08,0.58,2.39,4.9,0.49,3.81,4.33,0.88,23.639999999999997,26.8115,24.849,25.1
414,Taurean Prince,MIN,F,8.38,1.07,0.42,2.47,2.89,0.63,0.32,0.91,1.76,22.2,1.53,2.44,0.63,1.24,3.18,0.39,1.21,1.22,0.99,13.770000000000001,15.951000000000004,14.052999999999999,14.59
415,Payton Pritchard,BOS,G,7.95,1.89,0.44,1.64,2.08,0.51,0.13,0.66,1.16,15.31,0.8,2.58,0.31,1.35,4.27,0.32,0.6,0.59,1.02,11.71,14.75,12.200999999999999,12.89
416,Immanuel Quickley,NYK,G,13.08,3.25,0.42,2.57,2.9899999999999998,0.7,0.19,1.21,2.03,19.71,1.71,3.73,0.46,1.43,5.24,0.27,1.94,1.97,0.98,19.28,21.630999999999993,18.682999999999996,19.86
417,Julius Randle,NYK,F,21.33,4.64,1.69,8.12,9.809999999999999,0.76,0.45,2.72,2.6,36.22,5.58,11.91,0.47,1.1,5.81,0.19,4.2,5.17,0.81,28.909999999999993,35.1785,37.092,33.73
418,Cam Reddish,NYK,F,9.57,1.17,0.56,1.96,2.52,0.81,0.26,0.85,1.94,15.64,1.77,4.62,0.38,1.08,4.3,0.25,1.9,2.1,0.9,11.82,14.815999999999999,14.749,13.8
419,Davon Reed,DEN,G,4.68,1.29,0.38,2.44,2.82,0.41,0.19,0.55,1.4,20.91,1.32,2.63,0.5,0.87,2.51,0.35,0.43,0.82,0.52,8.91,12.152000000000001,11.649000000000001,10.9
420,Paul Reed,PHI,F,4.44,0.51,1.2,3.43,4.63,0.73,0.45,0.57,1.29,12.24,1.82,2.13,0.85,0.17,0.6,0.28,0.51,1.04,0.49,12.57,13.586499999999997,12.771,12.98
421,Naz Reid,MIN,C,9.6,1.28,1.4,3.02,4.42,0.52,0.83,0.98,2.27,13.79,2.23,3.54,0.63,0.93,3.35,0.28,1.92,1.79,1.07,17.349999999999998,19.506999999999994,18.113999999999997,18.32
422,Nick Richards,CHA,C,4.57,0.48,0.88,1.82,2.7,0.28,0.61,0.59,1.48,8.94,1.42,2.2,0.65,0.05,0.11,0.45,0.96,1.1,0.87,9.68,9.5005,9.1,9.43
423,Josh Richardson,SAS,G,12.43,1.88,0.64,1.84,2.48,0.85,0.41,1.29,1.98,25.06,2.39,6.04,0.4,1.83,4.23,0.43,1.65,2.22,0.74,16.339999999999996,19.9685,18.946,18.42
424,Austin Rivers,MIN,G,4.22,1.94,0.34,1.77,2.11,0.69,0.11,0.74,1.74,25.4,1.04,1.58,0.66,1.04,2.73,0.38,0.58,0.74,0.78,10.579999999999998,13.3605,12.081999999999999,12.01
425,Duncan Robinson,MIA,F,7.19,1.42,0.35,2.47,2.8200000000000003,0.52,0.2,0.8,1.99,25.62,1.14,1.36,0.84,2.49,6.95,0.36,0.76,1.07,0.71,11.63,18.543000000000003,16.663999999999998,15.61
426,Jerome Robinson,GSW,G,3.79,1.17,0.32,1.83,2.15,0.67,0.35,0.81,1.38,10.73,1.11,1.83,0.61,0.89,2.85,0.31,0.51,0.83,0.61,8.629999999999999,11.351499999999998,10.964999999999998,10.32
427,Mitchell Robinson,NYK,C,10.51,0.91,3.81,5.5,9.31,0.77,1.43,0.85,2.59,17.23,3.0,4.84,0.62,0.02,0.07,0.29,1.03,2.09,0.49,25.81,26.272999999999996,23.176999999999996,25.09
428,Isaiah Roby,SAS,F,12.4,1.53,1.62,3.52,5.140000000000001,0.78,0.62,1.12,2.37,23.5,2.81,5.17,0.54,1.13,2.2,0.51,1.61,3.32,0.48,19.950000000000003,22.063499999999998,20.762999999999995,20.93
429,Derrick Rose,NYK,G,7.97,3.52,0.56,2.17,2.73,0.73,0.44,1.24,0.95,21.29,2.87,5.17,0.56,1.14,3.92,0.29,0.82,1.14,0.72,15.68,19.4545,19.636000000000003,18.26
430,Terrence Ross,ORL,G,7.19,1.55,0.34,2.02,2.36,0.56,0.23,1.07,1.42,22.19,2.33,5.21,0.45,1.2,4.31,0.28,1.72,1.83,0.94,8.77,13.6585,15.647000000000002,12.69
431,Terry Rozier,CHA,G,18.03,4.53,0.78,3.35,4.13,1.26,0.33,1.37,1.87,31.9,3.69,7.16,0.52,2.76,7.64,0.36,1.74,2.3,0.76,28.689999999999998,34.385,30.960999999999995,31.35
432,Ricky Rubio,CLE,G,10.84,4.31,0.42,2.16,2.58,1.04,0.15,1.56,1.71,26.63,1.95,4.8,0.41,1.42,3.95,0.36,1.84,2.32,0.79,19.240000000000002,22.1525,20.381000000000004,20.59
433,D'Angelo Russell,MIN,G,18.25,6.05,0.46,3.09,3.55,1.01,0.34,2.42,1.84,30.56,3.25,6.56,0.5,2.45,6.83,0.36,3.03,3.17,0.96,29.080000000000002,33.437,30.494999999999997,31.0
434,Domantas Sabonis,SAC,F,18.59,5.67,2.85,8.1,10.95,1.01,0.46,2.85,3.1,33.72,6.09,10.5,0.58,0.76,1.31,0.58,4.38,4.18,1.05,37.059999999999995,40.830499999999994,40.575,39.49
435,Dario Saric,PHX,F,9.1,1.27,0.85,3.22,4.07,0.6,0.19,0.91,1.97,25.92,2.11,3.22,0.66,1.19,3.16,0.38,1.24,1.47,0.84,14.929999999999996,17.8815,16.488999999999997,16.43
436,Admiral Schofield,ORL,F,4.88,0.71,0.37,1.64,2.01,0.32,0.13,0.58,1.1,16.03,1.0,2.6,0.38,0.66,1.78,0.37,0.65,0.95,0.68,6.59,8.671500000000002,8.427,7.9
437,Dennis Schroder,LAL,G,11.79,4.98,0.43,2.92,3.35,0.87,0.17,2.01,2.09,27.55,3.35,7.02,0.48,1.28,3.95,0.32,1.84,2.7,0.68,19.32,23.328500000000002,23.939999999999998,22.2
438,Collin Sexton,UTA,G,17.88,2.63,1.04,2.51,3.55,0.95,0.21,2.66,2.02,27.71,5.41,7.46,0.73,1.27,3.97,0.32,2.42,3.1,0.78,21.849999999999994,23.126499999999997,24.915000000000003,23.3
439,Landry Shamet,PHX,G,8.18,1.89,0.25,1.82,2.0700000000000003,0.52,0.19,0.72,1.46,20.69,1.58,1.99,0.79,1.9,4.1,0.46,1.24,1.96,0.63,14.0,17.874499999999998,16.119000000000003,16.0
440,Pascal Siakam,TOR,F,22.86,4.91,1.75,6.46,8.21,1.11,0.61,2.54,2.89,35.15,7.27,11.58,0.63,1.21,3.36,0.36,3.91,5.25,0.74,36.099999999999994,39.00449999999999,40.196999999999996,38.43
441,Chris Silva,ATL,F,3.32,0.51,1.04,1.28,2.3200000000000003,0.28,0.28,0.64,1.34,7.29,0.73,1.88,0.39,0.09,0.15,0.6,0.87,1.03,0.84,6.340000000000001,6.8340000000000005,6.6290000000000004,6.6
442,Ben Simmons,BKN,G,10.51,6.16,1.63,5.33,6.96,1.59,0.62,2.95,2.93,32.03,6.24,11.58,0.54,0.15,0.71,0.21,3.62,4.6,0.79,26.0,30.224500000000006,35.612,30.61
443,Anfernee Simons,POR,G,14.15,3.91,0.38,2.42,2.8,0.54,0.13,1.86,1.93,27.44,2.77,3.59,0.77,3.13,7.15,0.44,1.77,1.95,0.91,21.840000000000003,28.1495,25.405,25.13
444,Deividas Sirvydis,IND,F,3.29,0.77,0.39,1.89,2.28,0.55,0.24,0.69,1.16,10.31,1.0,1.64,0.61,1.01,3.7,0.27,0.47,0.79,0.59,6.25,10.1095,10.281,8.88
445,Marcus Smart,BOS,G,11.08,5.33,0.63,3.27,3.9,1.55,0.31,2.06,2.28,31.46,2.84,4.53,0.63,1.66,4.76,0.35,1.3,2.3,0.57,24.83,28.3845,26.295000000000005,26.5
446,Ish Smith,DEN,G,6.01,3.21,0.43,1.59,2.02,0.52,0.33,1.08,1.26,13.8,2.26,4.57,0.49,0.45,1.62,0.28,0.37,0.53,0.7,12.5,14.091999999999999,14.098999999999998,13.56
447,Jalen Smith,IND,F,9.41,0.84,1.71,3.61,5.32,0.43,0.67,0.83,1.76,17.11,2.59,5.26,0.49,0.94,3.03,0.31,1.51,1.63,0.93,15.21,18.912000000000003,18.524,17.55
448,Lamar Stevens,CLE,F,6.98,0.93,0.67,2.15,2.82,0.48,0.33,0.78,1.76,17.11,1.61,3.75,0.43,0.5,0.8,0.62,1.16,1.38,0.84,11.18,12.137499999999998,11.499,11.61
449,Isaiah Stewart,DET,F,8.98,1.24,2.55,5.13,7.68,0.47,0.97,1.08,2.47,23.18,3.6,7.01,0.51,0.28,0.79,0.35,1.0,1.32,0.76,18.779999999999998,21.87,21.916000000000004,20.86
450,David Stockton,IND,G,6.17,2.16,0.32,1.43,1.75,0.52,0.11,0.85,1.35,11.51,1.28,1.69,0.76,0.89,2.81,0.32,2.2,1.66,1.33,12.16,13.990000000000002,13.180000000000001,13.11
451,Max Strus,MIA,G,8.46,1.87,0.4,2.65,3.05,0.5,0.17,0.74,1.89,26.56,1.23,1.94,0.63,2.11,4.9,0.43,0.68,1.08,0.63,14.66,19.537,16.535,16.91
452,Edmond Sumner,BKN,G,7.23,1.32,0.43,2.04,2.47,0.62,0.22,0.79,1.64,18.64,1.64,5.19,0.32,0.62,1.88,0.33,1.37,1.87,0.73,9.430000000000001,11.806,12.344000000000001,11.19
453,Jae'Sean Tate,HOU,F,11.89,3.66,1.98,4.13,6.109999999999999,0.98,0.41,1.82,3.07,22.25,3.38,7.13,0.47,0.77,3.36,0.23,1.88,1.65,1.14,21.9,25.342,24.732,23.99
454,Jayson Tatum,BOS,F,26.51,4.82,1.08,7.0,8.08,1.0,0.57,2.78,2.16,35.27,6.29,12.79,0.49,2.79,7.58,0.37,4.47,4.88,0.92,36.04,43.2585,42.706,40.67
455,Garrett Temple,NOP,G,4.56,1.69,0.35,1.62,1.9700000000000002,0.6,0.39,0.51,1.42,18.7,1.12,1.58,0.71,0.9,2.12,0.42,0.51,0.71,0.72,11.870000000000001,13.597500000000002,11.818999999999999,12.43
456,Daniel Theis,IND,F,6.89,0.95,1.19,2.64,3.83,0.45,0.74,0.83,2.2,17.72,2.23,3.36,0.66,0.77,2.12,0.36,1.0,1.34,0.75,13.670000000000002,15.838999999999999,15.341,14.95
457,Klay Thompson,GSW,G,20.16,2.48,0.45,3.1,3.5500000000000003,0.63,0.55,1.14,1.67,25.36,3.93,6.68,0.59,3.65,8.47,0.43,1.18,1.46,0.81,26.909999999999997,33.4225,29.19,29.84
458,Matisse Thybulle,PHI,G,5.76,1.49,0.62,2.12,2.74,1.48,0.95,0.68,1.88,22.17,1.71,2.61,0.66,0.91,3.56,0.26,0.57,1.06,0.54,16.71,18.2485,16.423000000000002,17.13
459,Killian Tillie,MEM,F,5.31,0.85,0.5,0.76,1.26,0.57,0.39,0.5,1.27,10.29,0.68,1.72,0.4,0.75,1.54,0.49,0.46,0.76,0.61,9.73,10.228,8.277000000000001,9.41
460,Xavier Tillman Sr.,MEM,F,5.21,1.18,1.2,2.26,3.46,0.68,0.36,0.77,1.67,15.13,1.85,3.78,0.49,0.39,0.84,0.46,1.18,1.11,1.06,11.73,13.413499999999999,13.282,12.81
461,Obi Toppin,NYK,F,8.94,1.18,0.9,3.27,4.17,0.37,0.51,0.84,1.3,20.5,2.95,4.29,0.69,0.68,2.1,0.32,1.33,1.59,0.84,14.969999999999999,16.977,16.964,16.3
462,Juan Toscano-Anderson,LAL,F,2.45,1.87,0.47,2.63,3.0999999999999996,0.73,0.24,0.87,1.92,16.48,0.94,1.68,0.56,0.56,2.07,0.27,0.64,0.9,0.71,9.479999999999999,12.2425,11.795,11.17
463,Karl-Anthony Towns,MIN,C,25.14,3.47,2.48,6.65,9.13,0.86,0.95,3.06,3.26,32.46,6.91,12.33,0.56,1.97,4.76,0.41,4.13,6.36,0.65,33.85999999999999,38.9745,40.580999999999996,37.81
464,Gary Trent Jr.,TOR,G,18.56,1.81,0.45,2.69,3.14,1.45,0.29,1.17,1.88,30.68,3.41,6.34,0.54,2.57,7.31,0.35,2.92,3.27,0.89,24.490000000000006,28.504999999999995,26.242999999999995,26.41
465,P.J. Tucker,PHI,F,6.24,1.82,0.99,2.29,3.2800000000000002,0.71,0.28,0.79,1.87,23.42,1.61,3.0,0.54,1.01,1.81,0.56,0.48,0.63,0.76,14.209999999999999,16.563000000000002,14.586000000000002,15.12
466,Myles Turner,IND,C,12.6,1.32,1.58,5.45,7.03,0.73,2.17,1.28,2.78,30.6,2.57,5.06,0.51,1.54,4.89,0.31,1.54,2.27,0.68,26.280000000000005,29.715000000000007,26.236,27.41
467,Jonas Valanciunas,NOP,C,17.06,2.37,2.89,8.51,11.4,0.59,0.79,1.81,2.97,28.52,6.03,8.66,0.7,0.67,1.97,0.34,2.98,3.09,0.96,31.730000000000008,35.479000000000006,35.235,34.15
468,Denzel Valentine,BOS,G,3.22,1.17,0.41,1.97,2.38,0.34,0.1,0.58,1.11,10.77,0.85,1.94,0.44,1.13,2.11,0.54,0.31,0.55,0.56,7.359999999999999,11.125,10.310999999999998,9.6
469,Fred VanVleet,TOR,G,20.84,6.58,0.64,4.01,4.6499999999999995,1.67,0.6,2.47,2.35,37.11,3.65,7.25,0.5,3.91,9.94,0.39,3.28,3.72,0.88,36.63,44.469500000000004,39.83000000000001,40.31
470,Jarred Vanderbilt,UTA,F,5.48,1.18,2.56,5.7,8.26,1.05,0.68,1.24,2.34,20.14,3.15,5.11,0.62,0.12,0.58,0.21,1.28,1.68,0.76,17.839999999999996,21.2895,21.842000000000002,20.32
471,Devin Vassell,SAS,G,13.3,1.67,0.59,3.69,4.28,1.05,0.51,1.21,1.91,29.07,3.0,6.57,0.46,2.22,5.15,0.43,1.32,1.64,0.8,20.14,25.366,23.531,23.01
472,Gabe Vincent,MIA,G,8.88,1.8,0.35,1.33,1.6800000000000002,0.87,0.17,1.13,2.35,26.44,1.46,2.83,0.52,1.56,4.09,0.38,0.77,1.13,0.68,13.360000000000001,15.928500000000001,14.035999999999998,14.44
473,Noah Vonleh,BOS,F,2.99,0.55,0.7,1.36,2.06,0.29,0.19,0.62,0.85,9.18,0.9,1.83,0.49,0.49,2.21,0.22,0.39,0.48,0.81,4.58,6.956999999999999,7.297,6.28
474,Nikola Vucevic,CHI,C,15.62,3.14,1.79,8.2,9.989999999999998,0.89,0.86,1.53,2.22,28.52,5.16,10.13,0.51,1.51,4.74,0.32,1.12,1.36,0.82,28.9,35.87349999999999,34.638,33.14
475,Dean Wade,CLE,F,5.37,1.1,0.55,1.91,2.46,0.61,0.21,0.69,1.87,19.53,0.96,1.47,0.65,1.04,3.45,0.3,0.68,0.89,0.76,9.84,12.5735,11.272000000000002,11.23
476,Moritz Wagner,ORL,F,8.1,1.31,0.66,2.6,3.2600000000000002,0.48,0.27,0.9,1.89,18.22,1.54,3.44,0.45,1.13,3.25,0.35,1.88,1.88,1.0,12.29,15.529499999999999,14.827,14.22
477,Kemba Walker,DET,G,10.93,2.84,0.39,1.82,2.21,0.7,0.2,1.1,1.08,25.05,1.81,4.65,0.39,2.1,5.17,0.41,1.63,1.8,0.91,16.240000000000002,21.031000000000002,19.161999999999995,18.81
478,Lonnie Walker IV,LAL,G,10.64,1.82,0.36,2.09,2.4499999999999997,0.65,0.29,0.87,1.44,18.88,2.36,4.49,0.53,1.5,4.9,0.31,1.71,1.72,0.99,14.709999999999999,18.269500000000004,17.609999999999996,16.86
479,John Wall,LAC,G,16.2,6.86,0.42,2.59,3.01,1.25,0.65,3.37,1.64,27.03,5.57,10.66,0.52,1.73,5.57,0.31,3.78,4.27,0.89,26.1,31.058999999999997,34.442,30.53
480,T.J. Warren,BKN,F,14.54,1.23,0.78,2.66,3.4400000000000004,0.63,0.24,0.91,1.84,26.7,4.83,10.9,0.44,0.48,1.7,0.28,1.39,2.73,0.51,13.95,16.1025,19.293000000000003,16.45
481,P.J. Washington,CHA,F,9.6,2.41,1.1,4.12,5.220000000000001,0.99,0.82,1.49,2.31,27.14,1.86,3.48,0.53,1.7,4.36,0.39,1.11,1.45,0.77,20.98,25.054499999999997,21.939,22.66
482,Yuta Watanabe,BKN,G,4.28,0.87,0.65,2.21,2.86,0.36,0.39,0.63,1.07,15.75,1.14,1.93,0.59,0.56,1.64,0.34,0.61,0.97,0.63,8.950000000000001,10.816,10.177,9.98
483,Quinndary Weatherspoon,GSW,G,4.0,1.02,0.27,1.24,1.51,0.35,0.12,0.48,1.38,8.57,1.19,1.58,0.75,0.21,0.97,0.22,1.18,1.31,0.9,7.3999999999999995,7.835,7.991999999999999,7.74
484,Russell Westbrook,LAL,G,17.05,7.12,1.11,6.26,7.37,1.08,0.38,3.64,2.58,33.33,5.39,8.36,0.64,1.15,3.25,0.35,2.94,4.71,0.62,31.53,35.093,35.97399999999999,34.2
485,Coby White,CHI,G,12.97,3.51,0.47,2.71,3.1799999999999997,0.56,0.22,1.17,2.01,28.88,2.22,5.3,0.42,2.08,5.87,0.35,1.29,2.05,0.63,18.4,23.541,21.441000000000003,21.13
486,Derrick White,BOS,G,13.72,4.14,0.42,2.98,3.4,0.85,0.72,1.35,2.13,28.12,3.21,5.77,0.56,1.71,4.43,0.39,1.83,3.21,0.57,24.03,27.132500000000004,25.46,25.54
487,Andrew Wiggins,GSW,F,18.07,2.13,0.9,3.89,4.79,0.96,0.71,1.48,2.14,28.96,4.4,9.18,0.48,1.95,5.53,0.35,1.59,2.65,0.6,23.369999999999997,27.712999999999994,27.043000000000003,26.04
488,Brandon Williams,POR,G,6.53,3.27,0.73,1.61,2.34,0.76,0.39,2.01,1.22,16.63,1.49,6.51,0.23,1.26,2.12,0.59,2.34,2.58,0.91,11.13,15.796499999999998,17.103,14.68
489,Grant Williams,BOS,F,6.77,1.3,0.84,3.31,4.15,0.5,0.58,1.2,1.75,16.96,1.28,2.38,0.54,1.39,3.28,0.42,0.96,1.49,0.64,13.309999999999999,17.1855,15.580000000000002,15.36
490,Kenrich Williams,OKC,G,7.49,2.22,1.36,3.11,4.47,0.81,0.22,0.8,1.86,17.18,1.16,4.02,0.29,0.74,2.66,0.28,0.81,0.87,0.93,14.820000000000002,17.6515,15.303999999999998,15.93
491,Patrick Williams,CHI,F,9.0,0.88,1.0,3.48,4.48,0.54,0.6,1.01,1.45,21.91,2.51,4.48,0.56,1.16,2.96,0.39,1.41,1.71,0.82,14.870000000000001,18.3095,17.876,17.02
492,Zion Williamson,NOP,F,24.37,4.28,2.4,5.63,8.03,0.91,0.53,2.82,2.26,30.87,8.33,15.02,0.55,0.45,0.97,0.46,5.96,7.09,0.84,33.19,35.047,40.086000000000006,36.11
493,D.J. Wilson,TOR,F,10.5,1.34,0.46,2.22,2.68,0.88,0.31,0.56,1.33,15.63,3.06,3.98,0.77,0.33,1.14,0.29,1.4,1.26,1.11,18.24,16.931,15.556,16.91
494,Dylan Windler,CLE,G,4.07,1.65,0.45,1.66,2.11,0.47,0.25,0.57,1.06,11.05,0.89,1.62,0.55,0.57,1.52,0.37,0.61,1.23,0.5,9.489999999999998,10.964500000000001,9.976999999999999,10.14
495,Justise Winslow,POR,F,5.19,1.85,0.82,3.21,4.03,0.65,0.43,0.88,1.47,17.73,1.58,3.46,0.46,0.49,1.43,0.34,0.73,1.3,0.56,12.580000000000002,14.914499999999999,14.251,13.92
496,Christian Wood,DAL,F,18.46,2.2,1.6,7.66,9.26,0.82,0.89,1.73,2.28,27.26,3.36,7.17,0.47,2.15,4.64,0.46,3.01,5.33,0.56,29.03,34.848,32.282000000000004,32.05
497,Delon Wright,WAS,G,5.93,2.75,0.63,2.31,2.94,1.1,0.25,0.83,1.13,20.1,1.26,2.05,0.61,0.66,2.04,0.32,0.77,0.97,0.79,16.400000000000002,17.367,14.793000000000001,16.19
498,Thaddeus Young,TOR,F,3.58,2.38,1.22,2.8,4.02,0.84,0.35,0.85,1.81,12.09,2.28,3.28,0.7,0.29,0.81,0.36,0.59,1.1,0.54,13.68,15.814500000000002,15.943999999999997,15.15
499,Trae Young,ATL,G,27.55,8.08,0.63,2.98,3.61,0.94,0.2,4.01,1.77,34.48,6.03,11.86,0.51,3.32,8.81,0.38,6.44,6.81,0.95,35.489999999999995,42.09100000000001,43.18200000000001,40.25
500,Ivica Zubac,LAC,C,9.0,1.37,2.68,4.98,7.66,0.53,1.07,1.3,2.57,21.33,4.34,5.57,0.78,0.09,0.24,0.38,2.13,3.56,0.6,20.48,22.4755,24.226999999999997,22.39
